"","Date","Day.of.week","distance","Time","Pace","MD","Month","Year","STATION","NAME","TMAX","TMIN","TOBS"
"1",2009-01-09,"Friday",2.74,"0:40:13",14.6833333333333,"9-Jan",1,2009,"USC00367938","SELLERSVILLE, PA US",36,23,24
"2",2009-01-13,"Tuesday",3,"0:37:34",12.5166666666667,"13-Jan",1,2009,"USC00367938","SELLERSVILLE, PA US",33,15,18
"3",2009-01-22,"Thursday",3.3,"0:38:27",11.65,"22-Jan",1,2009,"USC00367938","SELLERSVILLE, PA US",28,5,7
"4",2009-02-02,"Monday",3.17,"0:42:41",13.4666666666667,"2-Feb",2,2009,"USC00367938","SELLERSVILLE, PA US",51,15,22
"5",2009-02-09,"Monday",3.47,"0:39:37",11.4166666666667,"9-Feb",2,2009,"USC00367938","SELLERSVILLE, PA US",57,21,22
"6",2009-02-13,"Friday",3.21,"0:38:12",11.9,"13-Feb",2,2009,"USC00367938","SELLERSVILLE, PA US",51,38,40
"7",2009-02-16,"Monday",3.22,"0:38:49",12.05,"16-Feb",2,2009,"USC00367938","SELLERSVILLE, PA US",41,20,25
"8",2009-02-20,"Friday",3.03,"0:35:25",11.6833333333333,"20-Feb",2,2009,"USC00367938","SELLERSVILLE, PA US",45,20,21
"9",2009-02-23,"Monday",2.02,"0:24:31",12.1333333333333,"23-Feb",2,2009,"USC00367938","SELLERSVILLE, PA US",38,24,25
"10",2009-02-26,"Thursday",3.03,"0:34:41",11.45,"26-Feb",2,2009,"USC00367938","SELLERSVILLE, PA US",44,15,26
"11",2009-03-05,"Thursday",2.76,"0:30:14",10.95,"5-Mar",3,2009,"USC00367938","SELLERSVILLE, PA US",34,9,15
"12",2009-03-09,"Monday",3.24,"0:40:03",12.3666666666667,"9-Mar",3,2009,"USC00367938","SELLERSVILLE, PA US",64,42,43
"13",2009-03-13,"Friday",2.91,"0:30:14",10.3833333333333,"13-Mar",3,2009,"USC00367938","SELLERSVILLE, PA US",43,26,26
"14",2009-03-22,"Sunday",3.83,"0:49:10",12.8333333333333,"22-Mar",3,2009,"USC00367938","SELLERSVILLE, PA US",48,21,27
"15",2009-03-24,"Tuesday",3,"0:31:31",10.5,"24-Mar",3,2009,"USC00367938","SELLERSVILLE, PA US",43,22,23
"16",2009-04-10,"Friday",2.88,"0:30:25",10.5666666666667,"10-Apr",4,2009,"USC00367938","SELLERSVILLE, PA US",60,29,44
"17",2009-04-13,"Monday",3.22,"0:34:06",10.5833333333333,"13-Apr",4,2009,"USC00367938","SELLERSVILLE, PA US",48,23,33
"18",2009-04-16,"Thursday",3.55,"0:37:14",10.4833333333333,"16-Apr",4,2009,"USC00367938","SELLERSVILLE, PA US",48,28,34
"19",2009-04-18,"Saturday",3.05,"0:33:03",10.8333333333333,"18-Apr",4,2009,"USC00367938","SELLERSVILLE, PA US",69,34,60
"20",2009-04-25,"Saturday",3,"0:32:24",10.8,"25-Apr",4,2009,"USC00367938","SELLERSVILLE, PA US",73,37,47
"21",2009-04-28,"Tuesday",3.02,"0:32:42",10.8333333333333,"28-Apr",4,2009,"USC00367938","SELLERSVILLE, PA US",91,53,66
"22",2009-05-08,"Friday",3.15,"0:33:37",10.6666666666667,"8-May",5,2009,"USC00367938","SELLERSVILLE, PA US",73,46,48
"23",2009-05-11,"Monday",3.66,"0:38:08",10.4166666666667,"11-May",5,2009,"USC00367938","SELLERSVILLE, PA US",68,43,49
"24",2009-05-14,"Thursday",4.09,"0:43:48",10.7166666666667,"14-May",5,2009,"USC00367938","SELLERSVILLE, PA US",71,44,55
"25",2009-05-17,"Sunday",3.16,"0:33:00",10.45,"17-May",5,2009,"USC00367938","SELLERSVILLE, PA US",78,54,55
"26",2009-05-19,"Tuesday",3.51,"0:36:54",10.5166666666667,"19-May",5,2009,"USC00367938","SELLERSVILLE, PA US",58,33,40
"27",2009-05-23,"Saturday",5.01,"0:34:55",6.96666666666667,"23-May",5,2009,"USC00367938","SELLERSVILLE, PA US",83,46,68
"28",2009-05-25,"Monday",3.22,"0:34:55",10.85,"25-May",5,2009,"USC00367938","SELLERSVILLE, PA US",82,60,64
"29",2009-05-28,"Thursday",3.58,"0:37:35",10.5,"28-May",5,2009,"USC00367938","SELLERSVILLE, PA US",74,50,61
"30",2009-06-04,"Thursday",4.05,"0:40:43",10.05,"4-Jun",6,2009,"USC00367938","SELLERSVILLE, PA US",71,52,53
"31",2009-06-06,"Saturday",3.18,"0:34:01",10.7,"6-Jun",6,2009,"USC00367938","SELLERSVILLE, PA US",60,55,59
"32",2009-06-08,"Monday",3.53,"0:36:46",10.4166666666667,"8-Jun",6,2009,"USC00367938","SELLERSVILLE, PA US",82,55,66
"33",2009-06-10,"Wednesday",4,"0:41:11",10.3,"10-Jun",6,2009,"USC00367938","SELLERSVILLE, PA US",72,60,63
"34",2009-06-12,"Friday",4.01,"0:41:31",10.35,"12-Jun",6,2009,"USC00367938","SELLERSVILLE, PA US",65,61,64
"35",2009-06-15,"Monday",4.01,"0:42:51",10.6833333333333,"15-Jun",6,2009,"USC00367938","SELLERSVILLE, PA US",78,56,60
"36",2009-06-17,"Wednesday",5.46,"0:58:05",10.6333333333333,"17-Jun",6,2009,"USC00367938","SELLERSVILLE, PA US",68,52,56
"37",2009-06-19,"Friday",4,"0:41:38",10.4,"19-Jun",6,2009,"USC00367938","SELLERSVILLE, PA US",67,64,61
"38",2009-06-22,"Monday",3.59,"0:37:45",10.5166666666667,"22-Jun",6,2009,"USC00367938","SELLERSVILLE, PA US",79,60,70
"39",2009-06-24,"Wednesday",2.92,"0:27:10",9.3,"24-Jun",6,2009,"USC00367938","SELLERSVILLE, PA US",81,61,68
"40",2009-06-25,"Thursday",4.48,"0:45:39",10.1833333333333,"25-Jun",6,2009,"USC00367938","SELLERSVILLE, PA US",82,66,68
"41",2009-06-27,"Saturday",3.99,"0:41:46",10.4666666666667,"27-Jun",6,2009,"USC00367938","SELLERSVILLE, PA US",85,59,64
"42",2009-06-29,"Monday",4.06,"0:41:36",10.25,"29-Jun",6,2009,"USC00367938","SELLERSVILLE, PA US",82,58,61
"43",2009-07-02,"Thursday",3.5,"0:35:31",10.15,"2-Jul",7,2009,"USC00367938","SELLERSVILLE, PA US",83,63,66
"44",2009-07-04,"Saturday",4.69,"0:49:11",10.4833333333333,"4-Jul",7,2009,"USC00367938","SELLERSVILLE, PA US",77,58,69
"45",2009-07-06,"Monday",3.5,"0:35:51",10.25,"6-Jul",7,2009,"USC00367938","SELLERSVILLE, PA US",77,52,64
"46",2009-07-09,"Thursday",4.04,"0:41:54",10.3666666666667,"9-Jul",7,2009,"USC00367938","SELLERSVILLE, PA US",77,53,61
"47",2009-07-11,"Saturday",4.83,"0:51:35",10.6833333333333,"11-Jul",7,2009,"USC00367938","SELLERSVILLE, PA US",80,58,69
"48",2009-07-14,"Tuesday",4.16,"0:42:54",10.3166666666667,"14-Jul",7,2009,"USC00367938","SELLERSVILLE, PA US",80,51,53
"49",2009-07-16,"Thursday",3.63,"0:38:36",10.6333333333333,"16-Jul",7,2009,"USC00367938","SELLERSVILLE, PA US",83,57,71
"50",2009-07-18,"Saturday",4.84,"0:50:48",10.5,"18-Jul",7,2009,"USC00367938","SELLERSVILLE, PA US",84,63,65
"51",2009-07-22,"Wednesday",3.67,"0:38:57",10.6166666666667,"22-Jul",7,2009,"USC00367938","SELLERSVILLE, PA US",67,61,63
"52",2009-07-24,"Friday",4.04,"0:40:38",10.05,"24-Jul",7,2009,"USC00367938","SELLERSVILLE, PA US",75,62,64
"53",2009-07-27,"Monday",3.55,"0:36:20",10.2333333333333,"27-Jul",7,2009,"USC00367938","SELLERSVILLE, PA US",86,63,65
"54",2009-07-31,"Friday",3.66,"0:38:05",10.4,"31-Jul",7,2009,"USC00367938","SELLERSVILLE, PA US",85,68,74
"55",2009-08-03,"Monday",3.47,"0:37:11",10.7166666666667,"3-Aug",8,2009,"USC00367938","SELLERSVILLE, PA US",77,66,71
"56",2009-08-07,"Friday",3.89,"0:39:18",10.1,"7-Aug",8,2009,"USC00367938","SELLERSVILLE, PA US",79,55,55
"57",2009-08-09,"Sunday",3.96,"0:41:31",10.4833333333333,"9-Aug",8,2009,"USC00367938","SELLERSVILLE, PA US",79,66,68
"58",2009-08-11,"Tuesday",3.55,"0:37:28",10.55,"11-Aug",8,2009,"USC00367938","SELLERSVILLE, PA US",91,68,72
"59",2009-08-14,"Friday",4.83,"0:51:05",10.5833333333333,"14-Aug",8,2009,"USC00367938","SELLERSVILLE, PA US",77,63,63
"60",2009-08-19,"Wednesday",3.62,"0:38:28",10.6333333333333,"19-Aug",8,2009,"USC00367938","SELLERSVILLE, PA US",88,66,68
"61",2009-08-22,"Saturday",3.18,"0:31:37",9.95,"22-Aug",8,2009,"USC00367938","SELLERSVILLE, PA US",87,69,70
"62",2009-08-26,"Wednesday",6.01,"1:02:10",10.35,"26-Aug",8,2009,"USC00367938","SELLERSVILLE, PA US",83,63,68
"63",2009-08-30,"Sunday",5,"0:53:39",10.7333333333333,"30-Aug",8,2009,"USC00367938","SELLERSVILLE, PA US",81,65,66
"64",2009-09-06,"Sunday",5.21,"0:53:53",10.35,"6-Sep",9,2009,"USC00367938","SELLERSVILLE, PA US",83,57,67
"65",2009-09-10,"Thursday",3.57,"0:33:40",9.43333333333333,"10-Sep",9,2009,"USC00367938","SELLERSVILLE, PA US",72,56,57
"66",2009-09-22,"Tuesday",6,"0:59:04",9.85,"22-Sep",9,2009,"USC00367938","SELLERSVILLE, PA US",75,48,59
"67",2009-09-26,"Saturday",6.01,"0:59:34",9.91666666666667,"26-Sep",9,2009,"USC00367938","SELLERSVILLE, PA US",72,46,49
"68",2009-09-30,"Wednesday",4.11,"0:40:03",9.75,"30-Sep",9,2009,"USC00367938","SELLERSVILLE, PA US",65,44,52
"69",2009-10-03,"Saturday",5.88,"0:59:57",10.2,"3-Oct",10,2009,"USC00367938","SELLERSVILLE, PA US",64,43,60
"70",2009-10-06,"Tuesday",3.98,"0:39:35",9.95,"6-Oct",10,2009,"USC00367938","SELLERSVILLE, PA US",65,38,38
"71",2009-10-11,"Sunday",5.96,"1:01:31",10.3166666666667,"11-Oct",10,2009,"USC00367938","SELLERSVILLE, PA US",63,36,37
"72",2009-10-14,"Wednesday",4.05,"0:38:57",9.61666666666667,"14-Oct",10,2009,"USC00367938","SELLERSVILLE, PA US",63,32,35
"73",2009-10-18,"Sunday",5.72,"0:58:24",10.2166666666667,"18-Oct",10,2009,"USC00367938","SELLERSVILLE, PA US",46,39,41
"74",2009-10-21,"Wednesday",3.92,"0:38:17",9.76666666666667,"21-Oct",10,2009,"USC00367938","SELLERSVILLE, PA US",66,37,38
"75",2009-10-25,"Sunday",6.57,"1:08:02",10.35,"25-Oct",10,2009,"USC00367938","SELLERSVILLE, PA US",69,46,46
"76",2009-10-30,"Friday",5.64,"0:57:21",10.1666666666667,"30-Oct",10,2009,"USC00367938","SELLERSVILLE, PA US",59,48,50
"77",2010-01-01,"Friday",3,"0:29:39",9.88333333333333,"1-Jan",1,2010,"USC00367938","SELLERSVILLE, PA US",32,27,31
"78",2010-01-07,"Thursday",4.08,"0:39:15",9.61666666666667,"7-Jan",1,2010,"USC00367938","SELLERSVILLE, PA US",33,26,29
"79",2010-01-13,"Wednesday",4.09,"0:39:11",9.58333333333333,"13-Jan",1,2010,"USC00367938","SELLERSVILLE, PA US",32,23,24
"80",2010-01-21,"Thursday",3.62,"0:34:46",9.6,"21-Jan",1,2010,"USC00367938","SELLERSVILLE, PA US",41,18,19
"81",2010-01-28,"Thursday",6.03,"1:00:51",10.0833333333333,"28-Jan",1,2010,"USC00367938","SELLERSVILLE, PA US",36,21,28
"82",2010-02-09,"Tuesday",3.1,"0:30:15",9.75,"9-Feb",2,2010,"USC00367938","SELLERSVILLE, PA US",34,8,15
"83",2010-02-18,"Thursday",6.06,"1:00:21",9.96666666666667,"18-Feb",2,2010,"USC00367938","SELLERSVILLE, PA US",34,16,32
"84",2010-02-27,"Saturday",6.19,"1:01:46",9.98333333333333,"27-Feb",2,2010,"USC00367938","SELLERSVILLE, PA US",35,19,26
"85",2010-03-07,"Sunday",6.06,"1:02:37",10.3333333333333,"7-Mar",3,2010,"USC00367938","SELLERSVILLE, PA US",51,22,27
"86",2010-03-10,"Wednesday",10,"1:44:14",10.4166666666667,"10-Mar",3,2010,"USC00367938","SELLERSVILLE, PA US",60,29,36
"87",2010-03-18,"Thursday",2.98,"0:29:45",9.98333333333333,"18-Mar",3,2010,"USC00367938","SELLERSVILLE, PA US",65,29,30
"88",2010-03-21,"Sunday",5.92,"1:02:02",10.4833333333333,"21-Mar",3,2010,"USC00367938","SELLERSVILLE, PA US",74,35,43
"89",2010-03-28,"Sunday",5.99,"0:59:19",9.9,"28-Mar",3,2010,"USC00367938","SELLERSVILLE, PA US",46,26,30
"90",2010-03-31,"Wednesday",3.02,"0:26:56",8.91666666666667,"31-Mar",3,2010,"USC00367938","SELLERSVILLE, PA US",43,37,43
"91",2010-04-03,"Saturday",6,"0:54:18",9.05,"3-Apr",4,2010,"USC00367938","SELLERSVILLE, PA US",74,42,57
"92",2010-04-11,"Sunday",6.2,"1:00:48",9.8,"11-Apr",4,2010,"USC00367938","SELLERSVILLE, PA US",60,35,37
"93",2010-04-14,"Wednesday",3.17,"0:27:39",8.71666666666667,"14-Apr",4,2010,"USC00367938","SELLERSVILLE, PA US",51,31,37
"94",2010-04-18,"Sunday",6.21,"0:58:01",9.35,"18-Apr",4,2010,"USC00367938","SELLERSVILLE, PA US",55,33,34
"95",2010-04-24,"Saturday",6.11,"0:55:02",9,"24-Apr",4,2010,"USC00367938","SELLERSVILLE, PA US",71,34,55
"96",2010-05-01,"Saturday",3,"0:27:34",9.18333333333333,"1-May",5,2010,"USC00367938","SELLERSVILLE, PA US",80,44,54
"97",2010-05-04,"Tuesday",5.16,"0:46:08",8.93333333333333,"4-May",5,2010,"USC00367938","SELLERSVILLE, PA US",81,58,59
"98",2010-05-07,"Friday",6.01,"0:56:27",9.4,"7-May",5,2010,"USC00367938","SELLERSVILLE, PA US",75,43,53
"99",2010-05-11,"Tuesday",3.71,"0:31:38",8.53333333333333,"11-May",5,2010,"USC00367938","SELLERSVILLE, PA US",60,31,42
"100",2010-05-16,"Sunday",6.81,"1:03:02",9.25,"16-May",5,2010,"USC00367938","SELLERSVILLE, PA US",73,51,55
"101",2010-05-19,"Wednesday",3.71,"0:33:26",9.01666666666667,"19-May",5,2010,"USC00367938","SELLERSVILLE, PA US",53,47,53
"102",2010-05-27,"Thursday",4.35,"0:38:22",8.81666666666667,"27-May",5,2010,"USC00367938","SELLERSVILLE, PA US",91,65,71
"103",2010-05-31,"Monday",6.24,"0:58:28",9.36666666666667,"31-May",5,2010,"USC00367938","SELLERSVILLE, PA US",85,59,76
"104",2010-06-03,"Thursday",3,"0:29:07",9.7,"3-Jun",6,2010,"USC00367938","SELLERSVILLE, PA US",85,64,72
"105",2010-06-05,"Saturday",10,"1:36:38",9.66666666666667,"5-Jun",6,2010,"USC00367938","SELLERSVILLE, PA US",86,69,73
"106",2010-06-09,"Wednesday",3.16,"0:26:28",8.38333333333333,"9-Jun",6,2010,"USC00367938","SELLERSVILLE, PA US",73,50,53
"107",2010-06-13,"Sunday",6,"0:57:33",9.58333333333333,"13-Jun",6,2010,"USC00367938","SELLERSVILLE, PA US",86,62,69
"108",2010-06-18,"Friday",6.09,"0:58:19",9.58333333333333,"18-Jun",6,2010,"USC00367938","SELLERSVILLE, PA US",75,53,67
"109",2010-06-21,"Monday",3.77,"0:35:13",9.33333333333333,"21-Jun",6,2010,"USC00367938","SELLERSVILLE, PA US",89,63,71
"110",2010-06-27,"Sunday",6.77,"1:05:46",9.71666666666667,"27-Jun",6,2010,"USC00367938","SELLERSVILLE, PA US",87,66,69
"111",2010-07-04,"Sunday",5.43,"0:51:32",9.48333333333333,"4-Jul",7,2010,"USC00367938","SELLERSVILLE, PA US",88,53,58
"112",2010-07-17,"Saturday",7.08,"1:08:20",9.65,"17-Jul",7,2010,"USC00367938","SELLERSVILLE, PA US",91,68,75
"113",2010-07-30,"Friday",6.96,"1:08:31",9.85,"30-Jul",7,2010,"USC00367938","SELLERSVILLE, PA US",88,60,68
"114",2010-08-06,"Friday",7.04,"1:06:11",9.4,"6-Aug",8,2010,"USC00367938","SELLERSVILLE, PA US",88,69,73
"115",2010-08-08,"Sunday",3.96,"0:37:10",9.38333333333333,"8-Aug",8,2010,"USC00367938","SELLERSVILLE, PA US",85,55,68
"116",2010-08-18,"Wednesday",3.5,"0:31:32",9.01666666666667,"18-Aug",8,2010,"USC00367938","SELLERSVILLE, PA US",88,64,66
"117",2010-08-29,"Sunday",3.29,"0:33:09",10.0833333333333,"29-Aug",8,2010,"USC00367938","SELLERSVILLE, PA US",84,53,56
"118",2010-09-03,"Friday",6.56,"1:07:30",10.2833333333333,"3-Sep",9,2010,"USC00367938","SELLERSVILLE, PA US",94,67,68
"119",2010-09-06,"Monday",6.57,"1:04:41",9.85,"6-Sep",9,2010,"USC00367938","SELLERSVILLE, PA US",74,45,46
"120",2010-09-09,"Thursday",3.01,"0:26:35",8.83333333333333,"9-Sep",9,2010,"USC00367938","SELLERSVILLE, PA US",88,51,54
"121",2010-09-12,"Sunday",7.05,"1:10:09",9.95,"12-Sep",9,2010,"USC00367938","SELLERSVILLE, PA US",80,57,58
"122",2010-09-15,"Wednesday",2.93,"0:26:57",9.2,"15-Sep",9,2010,"USC00367938","SELLERSVILLE, PA US",76,46,51
"123",2010-09-19,"Sunday",13.1,"2:05:16",9.56666666666667,"19-Sep",9,2010,"USC00367938","SELLERSVILLE, PA US",75,50,54
"124",2010-09-24,"Friday",6.66,"1:05:10",9.78333333333333,"24-Sep",9,2010,"USC00367938","SELLERSVILLE, PA US",82,61,65
"125",2010-09-26,"Sunday",3.62,"0:31:46",8.78333333333333,"26-Sep",9,2010,"USC00367938","SELLERSVILLE, PA US",86,59,59
"126",2010-10-02,"Saturday",6.75,"1:06:20",9.83333333333333,"2-Oct",10,2010,"USC00367938","SELLERSVILLE, PA US",70,42,51
"127",2010-10-17,"Sunday",6.69,"1:06:32",9.95,"17-Oct",10,2010,"USC00367938","SELLERSVILLE, PA US",61,32,35
"128",2010-10-24,"Sunday",6.63,"1:04:04",9.66666666666667,"24-Oct",10,2010,"USC00367938","SELLERSVILLE, PA US",65,33,43
"129",2010-10-31,"Sunday",6.78,"1:04:09",9.46666666666667,"31-Oct",10,2010,"USC00367938","SELLERSVILLE, PA US",53,33,38
"130",2010-11-03,"Wednesday",3.71,"0:33:56",9.15,"3-Nov",11,2010,"USC00367938","SELLERSVILLE, PA US",51,25,26
"131",2010-11-07,"Sunday",6.67,"1:05:04",9.75,"7-Nov",11,2010,"USC00367938","SELLERSVILLE, PA US",48,27,32
"132",2010-11-13,"Saturday",6.74,"1:08:15",10.1333333333333,"13-Nov",11,2010,"USC00367938","SELLERSVILLE, PA US",64,22,32
"133",2010-11-21,"Sunday",6.74,"1:03:40",9.45,"21-Nov",11,2010,"USC00367938","SELLERSVILLE, PA US",52,27,31
"134",2010-12-03,"Friday",3.65,"0:34:15",9.38333333333333,"3-Dec",12,2010,"USC00367938","SELLERSVILLE, PA US",39,28,30
"135",2010-12-12,"Sunday",6.49,"1:06:28",10.2333333333333,"12-Dec",12,2010,"USC00367938","SELLERSVILLE, PA US",52,22,50
"136",2010-12-19,"Sunday",5.06,"0:51:19",10.1333333333333,"19-Dec",12,2010,"USC00367938","SELLERSVILLE, PA US",33,14,21
"137",2010-12-25,"Saturday",6.51,"1:02:40",9.63333333333333,"25-Dec",12,2010,"USC00367938","SELLERSVILLE, PA US",37,20,23
"138",2011-01-01,"Saturday",6.56,"1:08:18",10.4166666666667,"1-Jan",1,2011,"USC00367938","SELLERSVILLE, PA US",43,20,26
"139",2011-01-14,"Friday",6.52,"1:04:06",9.83333333333333,"14-Jan",1,2011,"USC00367938","SELLERSVILLE, PA US",26,1,5
"140",2011-01-30,"Sunday",6.51,"1:00:58",9.36666666666667,"30-Jan",1,2011,"USC00367938","SELLERSVILLE, PA US",30,17,21
"141",2011-02-13,"Sunday",6.56,"1:01:54",9.43333333333333,"13-Feb",2,2011,"USC00367938","SELLERSVILLE, PA US",38,15,22
"142",2011-02-20,"Sunday",6.52,"1:02:52",9.65,"20-Feb",2,2011,"USC00367938","SELLERSVILLE, PA US",41,21,22
"143",2011-02-27,"Sunday",6.56,"1:01:39",9.4,"27-Feb",2,2011,"USC00367938","SELLERSVILLE, PA US",42,30,38
"144",2011-03-06,"Sunday",6.68,"1:07:03",10.0333333333333,"6-Mar",3,2011,"USC00367938","SELLERSVILLE, PA US",61,39,51
"145",2011-03-13,"Sunday",6.54,"1:04:01",9.78333333333333,"13-Mar",3,2011,"USC00367938","SELLERSVILLE, PA US",53,30,44
"146",2011-03-20,"Sunday",6.56,"1:01:19",9.35,"20-Mar",3,2011,"USC00367938","SELLERSVILLE, PA US",53,25,27
"147",2011-03-27,"Sunday",6.52,"0:59:05",9.06666666666667,"27-Mar",3,2011,"USC00367938","SELLERSVILLE, PA US",39,19,26
"148",2011-04-03,"Sunday",9.36,"1:29:41",9.58333333333333,"3-Apr",4,2011,"USC00367938","SELLERSVILLE, PA US",52,29,38
"149",2011-04-10,"Sunday",6.49,"1:00:31",9.31666666666667,"10-Apr",4,2011,"USC00367938","SELLERSVILLE, PA US",59,44,48
"150",2011-04-17,"Sunday",6.58,"1:01:25",9.33333333333333,"17-Apr",4,2011,"USC00367938","SELLERSVILLE, PA US",58,41,50
"151",2011-04-24,"Sunday",6.55,"1:00:16",9.2,"24-Apr",4,2011,"USC00367938","SELLERSVILLE, PA US",62,45,58
"152",2011-05-01,"Sunday",6.56,"1:02:02",9.45,"1-May",5,2011,"USC00367938","SELLERSVILLE, PA US",68,40,42
"153",2011-05-08,"Sunday",6.53,"1:01:36",9.43333333333333,"8-May",5,2011,"USC00367938","SELLERSVILLE, PA US",69,40,43
"154",2011-05-11,"Wednesday",3.65,"0:33:40",9.21666666666667,"11-May",5,2011,"USC00367938","SELLERSVILLE, PA US",74,43,50
"155",2011-05-15,"Sunday",6.58,"1:01:08",9.28333333333333,"15-May",5,2011,"USC00367938","SELLERSVILLE, PA US",62,56,60
"156",2011-05-22,"Sunday",6.58,"1:02:09",9.45,"22-May",5,2011,"USC00367938","SELLERSVILLE, PA US",79,56,59
"157",2011-05-27,"Friday",6.02,"0:56:51",9.45,"27-May",5,2011,"USC00367938","SELLERSVILLE, PA US",87,61,68
"158",2011-06-05,"Sunday",6.51,"1:00:31",9.3,"5-Jun",6,2011,"USC00367938","SELLERSVILLE, PA US",73,47,57
"159",2011-06-12,"Sunday",6.47,"1:02:40",9.68333333333333,"12-Jun",6,2011,"USC00367938","SELLERSVILLE, PA US",71,60,62
"160",2011-06-19,"Sunday",6.53,"1:04:12",9.83333333333333,"19-Jun",6,2011,"USC00367938","SELLERSVILLE, PA US",84,60,62
"161",2011-06-26,"Sunday",6.58,"1:02:26",9.48333333333333,"26-Jun",6,2011,"USC00367938","SELLERSVILLE, PA US",81,57,67
"162",2011-07-10,"Sunday",6.54,"1:00:35",9.26666666666667,"10-Jul",7,2011,"USC00367938","SELLERSVILLE, PA US",86,59,69
"163",2011-08-07,"Sunday",6,"0:59:14",9.86666666666667,"7-Aug",8,2011,"USC00367938","SELLERSVILLE, PA US",85,71,74
"164",2011-08-16,"Tuesday",3.61,"0:32:48",9.08333333333333,"16-Aug",8,2011,"USC00367938","SELLERSVILLE, PA US",78,64,69
"165",2011-08-21,"Sunday",6.52,"1:02:47",9.63333333333333,"21-Aug",8,2011,"USC00367938","SELLERSVILLE, PA US",85,58,68
"166",2011-08-26,"Friday",6.04,"0:53:43",8.9,"26-Aug",8,2011,"USC00367938","SELLERSVILLE, PA US",78,65,68
"167",2011-08-28,"Sunday",6.55,"1:00:04",9.16666666666667,"28-Aug",8,2011,"USC00367938","SELLERSVILLE, PA US",76,67,69
"168",2011-09-04,"Sunday",5.1,"0:47:33",9.31666666666667,"4-Sep",9,2011,"USC00367938","SELLERSVILLE, PA US",81,65,69
"169",2011-09-11,"Sunday",5.13,"0:44:33",8.68333333333333,"11-Sep",9,2011,"USC00367938","SELLERSVILLE, PA US",76,63,64
"170",2011-09-18,"Sunday",5.1,"0:42:27",8.31666666666667,"18-Sep",9,2011,"USC00367938","SELLERSVILLE, PA US",61,42,46
"171",2011-09-25,"Sunday",5.1,"0:44:33",8.73333333333333,"25-Sep",9,2011,"USC00367938","SELLERSVILLE, PA US",75,64,66
"172",2011-10-02,"Sunday",5.28,"0:44:59",8.51666666666667,"2-Oct",10,2011,"USC00367938","SELLERSVILLE, PA US",61,47,48
"173",2011-10-09,"Sunday",5.12,"0:42:51",8.36666666666667,"9-Oct",10,2011,"USC00367938","SELLERSVILLE, PA US",75,44,51
"174",2011-10-16,"Sunday",5.04,"0:44:25",8.81666666666667,"16-Oct",10,2011,"USC00367938","SELLERSVILLE, PA US",63,43,44
"175",2011-10-23,"Sunday",5.18,"0:43:20",8.36666666666667,"23-Oct",10,2011,"USC00367938","SELLERSVILLE, PA US",55,37,41
"176",2011-11-06,"Sunday",5.19,"0:43:26",8.36666666666667,"6-Nov",11,2011,"USC00367938","SELLERSVILLE, PA US",54,24,25
"177",2011-11-13,"Sunday",5,"0:42:30",8.5,"13-Nov",11,2011,"USC00367938","SELLERSVILLE, PA US",57,26,31
"178",2011-11-20,"Sunday",5.19,"0:43:37",8.4,"20-Nov",11,2011,"USC00367938","SELLERSVILLE, PA US",52,34,37
"179",2011-11-25,"Friday",5.19,"0:45:07",8.7,"25-Nov",11,2011,"USC00367938","SELLERSVILLE, PA US",56,30,32
"180",2011-11-27,"Sunday",5.17,"0:42:14",8.16666666666667,"27-Nov",11,2011,"USC00367938","SELLERSVILLE, PA US",66,31,32
"181",2011-12-04,"Sunday",5.01,"0:43:55",8.76666666666667,"4-Dec",12,2011,"USC00367938","SELLERSVILLE, PA US",47,24,31
"182",2011-12-11,"Sunday",5.07,"0:41:39",8.21666666666667,"11-Dec",12,2011,"USC00367938","SELLERSVILLE, PA US",41,18,27
"183",2011-12-18,"Sunday",5.21,"0:43:17",8.3,"18-Dec",12,2011,"USC00367938","SELLERSVILLE, PA US",38,21,26
"184",2011-12-30,"Friday",5,"0:40:19",8.06666666666667,"30-Dec",12,2011,"USC00367938","SELLERSVILLE, PA US",33,21,25
"185",2012-01-02,"Monday",5.17,"0:43:36",8.43333333333333,"2-Jan",1,2012,"USC00367938","SELLERSVILLE, PA US",53,28,33
"186",2012-01-08,"Sunday",5.07,"0:43:14",8.53333333333333,"8-Jan",1,2012,"USC00367938","SELLERSVILLE, PA US",62,26,29
"187",2012-01-15,"Sunday",5.09,"0:43:02",8.45,"15-Jan",1,2012,"USC00367938","SELLERSVILLE, PA US",32,13,14
"188",2012-01-29,"Sunday",5.22,"0:44:49",8.58333333333333,"29-Jan",1,2012,"USC00367938","SELLERSVILLE, PA US",47,30,33
"189",2012-02-19,"Sunday",5.17,"0:44:24",8.58333333333333,"19-Feb",2,2012,"USC00367938","SELLERSVILLE, PA US",51,23,35
"190",2012-02-26,"Sunday",5.21,"0:46:18",8.88333333333333,"26-Feb",2,2012,"USC00367938","SELLERSVILLE, PA US",40,27,31
"191",2012-03-04,"Sunday",5.06,"0:42:42",8.43333333333333,"4-Mar",3,2012,"USC00367938","SELLERSVILLE, PA US",56,33,33
"192",2012-03-11,"Sunday",5.11,"0:43:53",8.58333333333333,"11-Mar",3,2012,"USC00367938","SELLERSVILLE, PA US",42,22,24
"193",2012-03-18,"Sunday",5.04,"0:42:32",8.43333333333333,"18-Mar",3,2012,"USC00367938","SELLERSVILLE, PA US",68,40,45
"194",2012-03-25,"Sunday",7.51,"1:05:37",8.73333333333333,"25-Mar",3,2012,"USC00367938","SELLERSVILLE, PA US",64,43,45
"195",2012-04-01,"Sunday",5.07,"0:42:18",8.35,"1-Apr",4,2012,"USC00367938","SELLERSVILLE, PA US",42,39,41
"196",2012-04-08,"Sunday",5.08,"0:43:46",8.61666666666667,"8-Apr",4,2012,"USC00367938","SELLERSVILLE, PA US",61,29,44
"197",2012-04-15,"Sunday",5.09,"0:44:32",8.75,"15-Apr",4,2012,"USC00367938","SELLERSVILLE, PA US",70,50,54
"198",2012-04-22,"Sunday",5.17,"0:43:44",8.46666666666667,"22-Apr",4,2012,"USC00367938","SELLERSVILLE, PA US",78,44,46
"199",2012-04-28,"Saturday",5.47,"0:47:38",8.7,"28-Apr",4,2012,"USC00367938","SELLERSVILLE, PA US",61,29,40
"200",2012-05-06,"Sunday",5.09,"0:42:38",8.38333333333333,"6-May",5,2012,"USC00367938","SELLERSVILLE, PA US",81,52,56
"201",2012-05-12,"Saturday",5.06,"0:41:36",8.21666666666667,"12-May",5,2012,"USC00367938","SELLERSVILLE, PA US",70,39,46
"202",2012-05-27,"Sunday",5.94,"1:00:01",10.1,"27-May",5,2012,"USC00367938","SELLERSVILLE, PA US",83,65,68
"203",2012-06-10,"Sunday",5.06,"0:44:50",8.86666666666667,"10-Jun",6,2012,"USC00367938","SELLERSVILLE, PA US",82,62,65
"204",2012-06-17,"Sunday",5.07,"0:41:41",8.21666666666667,"17-Jun",6,2012,"USC00367938","SELLERSVILLE, PA US",78,56,62
"205",2012-07-01,"Sunday",5.03,"0:43:53",8.71666666666667,"1-Jul",7,2012,"USC00367938","SELLERSVILLE, PA US",90,64,73
"206",2012-07-08,"Sunday",4.96,"0:43:53",8.85,"8-Jul",7,2012,"USC00367938","SELLERSVILLE, PA US",98,70,72
"207",2012-07-15,"Sunday",5,"0:43:37",8.71666666666667,"15-Jul",7,2012,"USC00367938","SELLERSVILLE, PA US",80,69,73
"208",2012-07-22,"Sunday",4.98,"0:40:13",8.08333333333333,"22-Jul",7,2012,"USC00367938","SELLERSVILLE, PA US",77,61,68
"209",2012-07-29,"Sunday",5.1,"0:43:00",8.43333333333333,"29-Jul",7,2012,"USC00367938","SELLERSVILLE, PA US",87,66,68
"210",2012-08-05,"Sunday",6.03,"0:53:13",8.83333333333333,"5-Aug",8,2012,"USC00367938","SELLERSVILLE, PA US",89,69,76
"211",2012-08-12,"Sunday",7.13,"1:04:01",8.98333333333333,"12-Aug",8,2012,"USC00367938","SELLERSVILLE, PA US",84,62,66
"212",2012-08-19,"Sunday",5.19,"0:44:29",8.56666666666667,"19-Aug",8,2012,"USC00367938","SELLERSVILLE, PA US",79,53,55
"213",2012-08-23,"Thursday",5.86,"0:56:53",9.7,"23-Aug",8,2012,"USC00367938","SELLERSVILLE, PA US",84,59,63
"214",2012-08-26,"Sunday",9.15,"1:29:00",9.73333333333333,"26-Aug",8,2012,"USC00367938","SELLERSVILLE, PA US",80,64,67
"215",2012-09-03,"Monday",4.93,"0:44:55",9.11666666666667,"3-Sep",9,2012,"USC00367938","SELLERSVILLE, PA US",74,59,68
"216",2012-09-16,"Sunday",5.09,"0:42:01",8.25,"16-Sep",9,2012,"USC00367938","SELLERSVILLE, PA US",71,48,48
"217",2012-09-23,"Sunday",5,"0:42:17",8.45,"23-Sep",9,2012,"USC00367938","SELLERSVILLE, PA US",80,48,54
"218",2012-09-30,"Sunday",5,"0:41:52",8.36666666666667,"30-Sep",9,2012,"USC00367938","SELLERSVILLE, PA US",62,42,48
"219",2012-10-07,"Sunday",5.01,"0:44:25",8.86666666666667,"7-Oct",10,2012,"USC00367938","SELLERSVILLE, PA US",71,40,44
"220",2012-10-21,"Sunday",5,"0:41:32",8.3,"21-Oct",10,2012,"USC00367938","SELLERSVILLE, PA US",62,40,43
"221",2012-10-28,"Sunday",5.01,"0:43:46",8.73333333333333,"28-Oct",10,2012,"USC00367938","SELLERSVILLE, PA US",64,51,53
"222",2012-11-04,"Sunday",5.01,"0:41:04",8.2,"4-Nov",11,2012,"USC00367938","SELLERSVILLE, PA US",47,31,39
"223",2012-11-11,"Sunday",5.03,"0:44:24",8.83333333333333,"11-Nov",11,2012,"USC00367938","SELLERSVILLE, PA US",55,31,45
"224",2012-11-23,"Friday",5.03,"0:45:44",9.1,"23-Nov",11,2012,"USC00367938","SELLERSVILLE, PA US",57,24,26
"225",2012-12-02,"Sunday",5.02,"0:42:36",8.48333333333333,"2-Dec",12,2012,"USC00367938","SELLERSVILLE, PA US",42,36,38
"226",2012-12-16,"Sunday",4.01,"0:33:42",8.4,"16-Dec",12,2012,"USC00367938","SELLERSVILLE, PA US",47,24,41
"227",2012-12-20,"Thursday",3,"0:23:37",7.86666666666667,"20-Dec",12,2012,"USC00367938","SELLERSVILLE, PA US",48,25,26
"228",2012-12-25,"Tuesday",5.05,"0:42:20",8.38333333333333,"25-Dec",12,2012,"USC00367938","SELLERSVILLE, PA US",37,23,32
"229",2013-01-06,"Sunday",5.01,"0:42:52",8.55,"6-Jan",1,2013,"USC00367938","SELLERSVILLE, PA US",40,25,29
"230",2013-01-13,"Sunday",5.01,"0:42:17",8.43333333333333,"13-Jan",1,2013,"USC00367938","SELLERSVILLE, PA US",49,40,42
"231",2013-01-20,"Sunday",5.03,"0:44:13",8.78333333333333,"20-Jan",1,2013,"USC00367938","SELLERSVILLE, PA US",51,24,41
"232",2013-02-17,"Sunday",5.01,"0:43:44",8.73333333333333,"17-Feb",2,2013,"USC00367938","SELLERSVILLE, PA US",36,20,23
"233",2013-02-24,"Sunday",5.04,"0:42:22",8.4,"24-Feb",2,2013,"USC00367938","SELLERSVILLE, PA US",42,32,35
"234",2013-03-24,"Sunday",5.03,"0:44:14",8.8,"24-Mar",3,2013,"USC00367938","SELLERSVILLE, PA US",46,23,26
"235",2013-03-31,"Sunday",5.02,"0:43:38",8.7,"31-Mar",3,2013,"USC00367938","SELLERSVILLE, PA US",57,25,30
"236",2013-04-14,"Sunday",5,"0:44:34",8.91666666666667,"14-Apr",4,2013,"USC00367938","SELLERSVILLE, PA US",57,36,48
"237",2013-04-23,"Tuesday",4.01,"0:36:18",9.05,"23-Apr",4,2013,"USC00367938","SELLERSVILLE, PA US",53,40,41
"238",2013-05-05,"Sunday",5,"0:41:24",8.28333333333333,"5-May",5,2013,"USC00367938","SELLERSVILLE, PA US",69,39,47
"239",2013-05-13,"Monday",4.46,"0:34:22",7.7,"13-May",5,2013,"USC00367938","SELLERSVILLE, PA US",63,35,44
"240",2013-05-17,"Friday",3.01,"0:27:41",9.2,"17-May",5,2013,"USC00367938","SELLERSVILLE, PA US",81,48,58
"241",2013-05-27,"Monday",5,"0:41:13",8.25,"27-May",5,2013,"USC00367938","SELLERSVILLE, PA US",69,37,45
"242",2013-06-02,"Sunday",5.03,"0:45:56",9.13333333333333,"2-Jun",6,2013,"USC00367938","SELLERSVILLE, PA US",91,62,76
"243",2013-06-23,"Sunday",5.02,"0:45:55",9.15,"23-Jun",6,2013,"USC00367938","SELLERSVILLE, PA US",83,60,73
"244",2013-06-30,"Sunday",5,"0:46:04",9.21666666666667,"30-Jun",6,2013,"USC00367938","SELLERSVILLE, PA US",85,66,72
"245",2013-07-14,"Sunday",5.01,"0:44:52",8.95,"14-Jul",7,2013,"USC00367938","SELLERSVILLE, PA US",85,69,75
"246",2013-08-04,"Sunday",5.02,"0:45:34",9.08333333333333,"4-Aug",8,2013,"USC00367938","SELLERSVILLE, PA US",74,57,62
"247",2013-08-11,"Sunday",5.03,"0:45:57",9.13333333333333,"11-Aug",8,2013,"USC00367938","SELLERSVILLE, PA US",82,58,67
"248",2013-08-18,"Sunday",5.01,"0:39:50",7.95,"18-Aug",8,2013,"USC00367938","SELLERSVILLE, PA US",80,56,64
"249",2013-08-23,"Friday",4.57,"1:02:33",13.6833333333333,"23-Aug",8,2013,"USC00367938","SELLERSVILLE, PA US",80,63,65
"250",2013-08-25,"Sunday",5.01,"0:46:10",9.21666666666667,"25-Aug",8,2013,"USC00367938","SELLERSVILLE, PA US",78,50,52
"251",2013-09-01,"Sunday",5,"0:45:02",9,"1-Sep",9,2013,"USC00367938","SELLERSVILLE, PA US",85,67,71
"252",2013-09-08,"Sunday",5.02,"0:45:22",9.03333333333333,"8-Sep",9,2013,"USC00367938","SELLERSVILLE, PA US",77,45,59
"253",2013-09-15,"Sunday",5.03,"0:44:01",8.75,"15-Sep",9,2013,"USC00367938","SELLERSVILLE, PA US",61,40,45
"254",2013-09-22,"Sunday",5.04,"0:45:17",8.98333333333333,"22-Sep",9,2013,"USC00367938","SELLERSVILLE, PA US",77,50,56
"255",2013-10-13,"Sunday",1.26,"0:10:36",8.41666666666667,"13-Oct",10,2013,"USC00367938","SELLERSVILLE, PA US",72,55,56
"256",2013-11-03,"Sunday",5,"0:45:06",9.01666666666667,"3-Nov",11,2013,"USC00367938","SELLERSVILLE, PA US",65,38,44
"257",2013-11-10,"Sunday",5.03,"0:45:18",9,"10-Nov",11,2013,"USC00367938","SELLERSVILLE, PA US",48,27,43
"258",2013-11-17,"Sunday",5.02,"0:45:08",8.98333333333333,"17-Nov",11,2013,"USC00367938","SELLERSVILLE, PA US",58,26,49
"259",2013-12-01,"Sunday",5.02,"0:44:12",8.8,"1-Dec",12,2013,"USC00367938","SELLERSVILLE, PA US",36,16,24
"260",2013-12-22,"Sunday",5.03,"0:44:44",8.9,"22-Dec",12,2013,"USC00367938","SELLERSVILLE, PA US",65,32,64
"261",2014-01-12,"Sunday",5.02,"0:45:53",9.13333333333333,"12-Jan",1,2014,"USC00367938","SELLERSVILLE, PA US",59,31,39
"262",2014-02-03,"Monday",3.01,"0:27:27",9.11666666666667,"3-Feb",2,2014,"USC00367938","SELLERSVILLE, PA US",51,18,31
"263",2014-02-06,"Thursday",3.02,"0:28:58",9.58333333333333,"6-Feb",2,2014,"USC00367938","SELLERSVILLE, PA US",35,18,20
"264",2014-03-09,"Sunday",5,"0:42:21",8.46666666666667,"9-Mar",3,2014,"USC00367938","SELLERSVILLE, PA US",38,18,22
"265",2014-03-23,"Sunday",5,"0:45:21",9.06666666666667,"23-Mar",3,2014,"USC00367938","SELLERSVILLE, PA US",63,34,36
"266",2014-03-30,"Sunday",2.93,"0:24:32",8.36666666666667,"30-Mar",3,2014,"USC00367938","SELLERSVILLE, PA US",48,43,44
"267",2014-04-06,"Sunday",5.02,"0:45:21",9.03333333333333,"6-Apr",4,2014,"USC00367938","SELLERSVILLE, PA US",50,25,40
"268",2014-04-13,"Sunday",5.05,"0:46:59",9.3,"13-Apr",4,2014,"USC00367938","SELLERSVILLE, PA US",71,46,53
"269",2014-04-27,"Sunday",5.02,"0:44:21",8.83333333333333,"27-Apr",4,2014,"USC00367938","SELLERSVILLE, PA US",61,32,38
"270",2014-05-11,"Sunday",6.51,"1:00:02",9.21666666666667,"11-May",5,2014,"USC00367938","SELLERSVILLE, PA US",81,43,65
"271",2014-05-18,"Sunday",6.5,"0:58:19",8.96666666666667,"18-May",5,2014,"USC00367938","SELLERSVILLE, PA US",65,40,49
"272",2014-05-25,"Sunday",6.51,"0:59:32",9.15,"25-May",5,2014,"USC00367938","SELLERSVILLE, PA US",73,46,54
"273",2014-06-01,"Sunday",6.5,"0:58:49",9.05,"1-Jun",6,2014,"USC00367938","SELLERSVILLE, PA US",75,46,60
"274",2014-06-08,"Sunday",6.5,"0:58:25",8.98333333333333,"8-Jun",6,2014,"USC00367938","SELLERSVILLE, PA US",81,50,58
"275",2014-06-15,"Sunday",6.5,"0:58:28",9,"15-Jun",6,2014,"USC00367938","SELLERSVILLE, PA US",70,48,59
"276",2014-06-22,"Sunday",6.53,"0:59:49",9.16666666666667,"22-Jun",6,2014,"USC00367938","SELLERSVILLE, PA US",78,57,65
"277",2014-06-29,"Sunday",6.5,"1:00:01",9.23333333333333,"29-Jun",6,2014,"USC00367938","SELLERSVILLE, PA US",84,62,69
"278",2014-07-06,"Sunday",6.54,"0:58:29",8.95,"6-Jul",7,2014,"USC00367938","SELLERSVILLE, PA US",80,54,63
"279",2014-08-02,"Saturday",6.5,"0:59:13",9.11666666666667,"2-Aug",8,2014,"USC00367938","SELLERSVILLE, PA US",79,63,63
"280",2014-08-10,"Sunday",6.5,"0:58:31",9,"10-Aug",8,2014,"USC00367938","SELLERSVILLE, PA US",83,55,66
"281",2014-08-17,"Sunday",6.5,"1:00:09",9.25,"17-Aug",8,2014,"USC00367938","SELLERSVILLE, PA US",77,53,59
"282",2014-08-24,"Sunday",6.5,"0:57:01",8.76666666666667,"24-Aug",8,2014,"USC00367938","SELLERSVILLE, PA US",71,58,59
"283",2014-08-30,"Saturday",6.51,"0:58:20",8.96666666666667,"30-Aug",8,2014,"USC00367938","SELLERSVILLE, PA US",81,59,64
"284",2014-09-05,"Friday",5,"0:44:55",8.98333333333333,"5-Sep",9,2014,"USC00367938","SELLERSVILLE, PA US",87,60,67
"285",2014-09-21,"Sunday",5,"0:45:13",9.05,"21-Sep",9,2014,"USC00367938","SELLERSVILLE, PA US",76,57,63
"286",2014-09-28,"Sunday",5.04,"0:42:48",8.5,"28-Sep",9,2014,"USC00367938","SELLERSVILLE, PA US",82,49,58
"287",2014-10-12,"Sunday",5.05,"0:42:53",8.5,"12-Oct",10,2014,"USC00367938","SELLERSVILLE, PA US",52,35,42
"288",2014-10-19,"Sunday",5.02,"0:44:13",8.8,"19-Oct",10,2014,"USC00367938","SELLERSVILLE, PA US",66,46,46
"289",2014-10-26,"Sunday",5.03,"0:43:02",8.55,"26-Oct",10,2014,"USC00367938","SELLERSVILLE, PA US",67,35,50
"290",2014-11-02,"Sunday",5,"0:42:50",8.56666666666667,"2-Nov",11,2014,"USC00367938","SELLERSVILLE, PA US",46,39,40
"291",2014-11-09,"Sunday",5.01,"0:43:54",8.76666666666667,"9-Nov",11,2014,"USC00367938","SELLERSVILLE, PA US",47,34,36
"292",2014-11-16,"Sunday",5,"0:45:12",9.03333333333333,"16-Nov",11,2014,"USC00367938","SELLERSVILLE, PA US",41,22,28
"293",2014-11-23,"Sunday",5.01,"0:45:00",8.98333333333333,"23-Nov",11,2014,"USC00367938","SELLERSVILLE, PA US",42,24,37
"294",2014-11-30,"Sunday",5,"0:43:56",8.78333333333333,"30-Nov",11,2014,"USC00367938","SELLERSVILLE, PA US",32,18,30
"295",2014-12-21,"Sunday",5.01,"0:42:48",8.55,"21-Dec",12,2014,"USC00367938","SELLERSVILLE, PA US",33,27,28
"296",2014-12-25,"Thursday",5.03,"0:42:13",8.4,"25-Dec",12,2014,"USC00367938","SELLERSVILLE, PA US",62,44,46
"297",2014-12-31,"Wednesday",5.02,"0:44:11",8.8,"31-Dec",12,2014,"USC00367938","SELLERSVILLE, PA US",34,14,22
"298",2015-01-04,"Sunday",5.03,"0:44:27",8.83333333333333,"4-Jan",1,2015,"USC00367938","SELLERSVILLE, PA US",37,25,37
"299",2015-01-11,"Sunday",5,"0:42:58",8.6,"11-Jan",1,2015,"USC00367938","SELLERSVILLE, PA US",19,5,9
"300",2015-01-25,"Sunday",5.02,"0:42:22",8.43333333333333,"25-Jan",1,2015,"USC00367938","SELLERSVILLE, PA US",37,28,33
"301",2015-02-08,"Sunday",5.02,"0:42:48",8.53333333333333,"8-Feb",2,2015,"USC00367938","SELLERSVILLE, PA US",41,20,31
"302",2015-02-14,"Saturday",5,"0:42:06",8.41666666666667,"14-Feb",2,2015,"USC00367938","SELLERSVILLE, PA US",20,5,18
"303",2015-02-22,"Sunday",5.02,"0:41:14",8.21666666666667,"22-Feb",2,2015,"USC00367938","SELLERSVILLE, PA US",29,-1,29
"304",2015-03-01,"Sunday",5.01,"0:41:08",8.21666666666667,"1-Mar",3,2015,"USC00367938","SELLERSVILLE, PA US",28,8,19
"305",2015-03-15,"Sunday",5.03,"0:43:23",8.61666666666667,"15-Mar",3,2015,"USC00367938","SELLERSVILLE, PA US",44,34,40
"306",2015-03-22,"Sunday",5.02,"0:42:51",8.53333333333333,"22-Mar",3,2015,"USC00367938","SELLERSVILLE, PA US",47,30,33
"307",2015-03-25,"Wednesday",3.01,"0:26:57",8.95,"25-Mar",3,2015,"USC00367938","SELLERSVILLE, PA US",39,19,26
"308",2015-03-29,"Sunday",5.01,"0:42:39",8.51666666666667,"29-Mar",3,2015,"USC00367938","SELLERSVILLE, PA US",37,21,24
"309",2015-04-05,"Sunday",7.12,"1:01:14",8.6,"5-Apr",4,2015,"USC00367938","SELLERSVILLE, PA US",53,25,27
"310",2015-04-12,"Sunday",7.15,"1:01:45",8.63333333333333,"12-Apr",4,2015,"USC00367938","SELLERSVILLE, PA US",57,27,33
"311",2015-04-19,"Sunday",7.23,"1:01:33",8.51666666666667,"19-Apr",4,2015,"USC00367938","SELLERSVILLE, PA US",79,43,51
"312",2015-04-26,"Sunday",5.01,"0:43:53",8.76666666666667,"26-Apr",4,2015,"USC00367938","SELLERSVILLE, PA US",57,34,43
"313",2015-05-03,"Sunday",7.31,"1:04:27",8.81666666666667,"3-May",5,2015,"USC00367938","SELLERSVILLE, PA US",75,43,52
"314",2015-05-10,"Sunday",7.15,"1:01:05",8.55,"10-May",5,2015,"USC00367938","SELLERSVILLE, PA US",75,58,66
"315",2015-05-17,"Sunday",7.21,"1:02:06",8.61666666666667,"17-May",5,2015,"USC00367938","SELLERSVILLE, PA US",81,62,65
"316",2015-05-24,"Sunday",6,"0:51:32",8.58333333333333,"24-May",5,2015,"USC00367938","SELLERSVILLE, PA US",68,39,45
"317",2015-05-31,"Sunday",7.28,"1:04:40",8.88333333333333,"31-May",5,2015,"USC00367938","SELLERSVILLE, PA US",86,59,68
"318",2015-06-03,"Wednesday",5,"0:42:06",8.41666666666667,"3-Jun",6,2015,"USC00367938","SELLERSVILLE, PA US",54,49,52
"319",2015-06-07,"Sunday",6.01,"0:51:02",8.48333333333333,"7-Jun",6,2015,"USC00367938","SELLERSVILLE, PA US",80,45,55
"320",2015-06-14,"Sunday",6.25,"0:55:26",8.86666666666667,"14-Jun",6,2015,"USC00367938","SELLERSVILLE, PA US",90,63,70
"321",2015-06-21,"Sunday",6.02,"0:50:45",8.43333333333333,"21-Jun",6,2015,"USC00367938","SELLERSVILLE, PA US",79,65,68
"322",2015-06-26,"Friday",7.3,"1:03:07",8.65,"26-Jun",6,2015,"USC00367938","SELLERSVILLE, PA US",80,53,64
"323",2015-07-01,"Wednesday",5.04,"0:42:11",8.36666666666667,"1-Jul",7,2015,"USC00367938","SELLERSVILLE, PA US",81,64,66
"324",2015-07-05,"Sunday",6.09,"0:51:04",8.38333333333333,"5-Jul",7,2015,"USC00367938","SELLERSVILLE, PA US",79,61,64
"325",2015-07-12,"Sunday",6.03,"0:50:42",8.4,"12-Jul",7,2015,"USC00367938","SELLERSVILLE, PA US",84,59,65
"326",2015-07-16,"Thursday",5.02,"0:40:21",8.03333333333333,"16-Jul",7,2015,"USC00367938","SELLERSVILLE, PA US",81,57,62
"327",2015-07-17,"Friday",5.01,"0:41:49",8.35,"17-Jul",7,2015,"USC00367938","SELLERSVILLE, PA US",79,58,64
"328",2015-07-19,"Sunday",6.02,"0:52:24",8.7,"19-Jul",7,2015,"USC00367938","SELLERSVILLE, PA US",85,60,73
"329",2015-07-26,"Sunday",6.18,"0:57:26",9.3,"26-Jul",7,2015,"USC00367938","SELLERSVILLE, PA US",85,60,70
"330",2015-08-02,"Sunday",5.01,"0:41:02",8.18333333333333,"2-Aug",8,2015,"USC00367938","SELLERSVILLE, PA US",86,59,61
"331",2015-08-05,"Wednesday",7.51,"1:06:44",8.88333333333333,"5-Aug",8,2015,"USC00367938","SELLERSVILLE, PA US",87,58,60
"332",2015-08-06,"Thursday",5.02,"0:44:20",8.83333333333333,"6-Aug",8,2015,"USC00367938","SELLERSVILLE, PA US",84,56,66
"333",2015-08-09,"Sunday",6,"0:51:48",8.63333333333333,"9-Aug",8,2015,"USC00367938","SELLERSVILLE, PA US",82,60,66
"334",2015-08-16,"Sunday",6.04,"0:52:09",8.63333333333333,"16-Aug",8,2015,"USC00367938","SELLERSVILLE, PA US",89,62,63
"335",2015-08-23,"Sunday",6.08,"0:51:01",8.38333333333333,"23-Aug",8,2015,"USC00367938","SELLERSVILLE, PA US",80,53,56
"336",2015-08-30,"Sunday",6,"0:52:47",8.8,"30-Aug",8,2015,"USC00367938","SELLERSVILLE, PA US",84,56,60
"337",2015-09-06,"Sunday",6,"0:51:07",8.51666666666667,"6-Sep",9,2015,"USC00367938","SELLERSVILLE, PA US",86,44,54
"338",2015-09-13,"Sunday",6,"0:51:39",8.61666666666667,"13-Sep",9,2015,"USC00367938","SELLERSVILLE, PA US",72,57,58
"339",2015-09-27,"Sunday",6.02,"0:51:08",8.5,"27-Sep",9,2015,"USC00367938","SELLERSVILLE, PA US",73,47,50
"340",2015-10-04,"Sunday",6.02,"0:51:27",8.55,"4-Oct",10,2015,"USC00367938","SELLERSVILLE, PA US",52,46,50
"341",2015-10-18,"Sunday",5,"0:41:07",8.21666666666667,"18-Oct",10,2015,"USC00367938","SELLERSVILLE, PA US",61,26,28
"342",2015-10-25,"Sunday",6.02,"0:51:01",8.46666666666667,"25-Oct",10,2015,"USC00367938","SELLERSVILLE, PA US",56,35,51
"343",2015-11-01,"Sunday",6.02,"0:51:19",8.51666666666667,"1-Nov",11,2015,"USC00367938","SELLERSVILLE, PA US",56,30,34
"344",2015-11-08,"Sunday",6,"0:51:13",8.53333333333333,"8-Nov",11,2015,"USC00367938","SELLERSVILLE, PA US",60,32,39
"345",2015-11-22,"Sunday",6.01,"0:48:51",8.13333333333333,"22-Nov",11,2015,"USC00367938","SELLERSVILLE, PA US",51,30,45
"346",2015-11-26,"Thursday",6.02,"0:51:28",8.55,"26-Nov",11,2015,"USC00367938","SELLERSVILLE, PA US",48,20,27
"347",2015-12-06,"Sunday",6,"0:50:33",8.43333333333333,"6-Dec",12,2015,"USC00367938","SELLERSVILLE, PA US",49,18,20
"348",2015-12-13,"Sunday",6.01,"0:50:06",8.33333333333333,"13-Dec",12,2015,"USC00367938","SELLERSVILLE, PA US",62,37,45
"349",2015-12-23,"Wednesday",6,"0:52:14",8.7,"23-Dec",12,2015,"USC00367938","SELLERSVILLE, PA US",56,31,52
"350",2015-12-25,"Friday",4.95,"0:42:23",8.56666666666667,"25-Dec",12,2015,"USC00367938","SELLERSVILLE, PA US",69,50,57
"351",2015-12-27,"Sunday",6.01,"0:49:43",8.26666666666667,"27-Dec",12,2015,"USC00367938","SELLERSVILLE, PA US",52,46,48
"352",2016-01-03,"Sunday",6,"0:50:17",8.38333333333333,"3-Jan",1,2016,"USC00367938","SELLERSVILLE, PA US",41,16,21
"353",2016-01-10,"Sunday",6.03,"0:51:01",8.46666666666667,"10-Jan",1,2016,"USC00367938","SELLERSVILLE, PA US",51,31,51
"354",2016-01-17,"Sunday",6.03,"0:51:24",8.51666666666667,"17-Jan",1,2016,"USC00367938","SELLERSVILLE, PA US",46,21,25
"355",2016-02-07,"Sunday",3.03,"0:23:59",7.91666666666667,"7-Feb",2,2016,"USC00367938","SELLERSVILLE, PA US",39,13,25
"356",2016-02-14,"Sunday",5.02,"0:40:18",8.03333333333333,"14-Feb",2,2016,"USC00367938","SELLERSVILLE, PA US",19,NA,3
"357",2016-02-16,"Tuesday",2.83,"0:22:58",8.11666666666667,"16-Feb",2,2016,"USC00367938","SELLERSVILLE, PA US",46,14,45
"358",2016-02-18,"Thursday",3,"0:25:47",8.6,"18-Feb",2,2016,"USC00367938","SELLERSVILLE, PA US",55,24,26
"359",2016-02-20,"Saturday",6.02,"0:48:44",8.1,"20-Feb",2,2016,"USC00367938","SELLERSVILLE, PA US",38,17,32
"360",2016-02-28,"Sunday",6,"0:51:21",8.55,"28-Feb",2,2016,"USC00367938","SELLERSVILLE, PA US",41,24,28
"361",2016-03-06,"Sunday",6.01,"0:50:56",8.46666666666667,"6-Mar",3,2016,"USC00367938","SELLERSVILLE, PA US",40,23,32
"362",2016-03-13,"Sunday",6,"0:50:13",8.36666666666667,"13-Mar",3,2016,"USC00367938","SELLERSVILLE, PA US",60,NA,34
"363",2016-03-27,"Sunday",6,"0:51:32",8.58333333333333,"27-Mar",3,2016,"USC00367938","SELLERSVILLE, PA US",56,34,41
"364",2016-04-08,"Friday",5,"0:42:02",8.4,"8-Apr",4,2016,"USC00367938","SELLERSVILLE, PA US",58,21,41
"365",2016-04-17,"Sunday",6,"0:50:12",8.36666666666667,"17-Apr",4,2016,"USC00367938","SELLERSVILLE, PA US",67,31,37
"366",2016-04-24,"Sunday",7.25,"1:02:33",8.63333333333333,"24-Apr",4,2016,"USC00367938","SELLERSVILLE, PA US",65,20,32
"367",2016-04-27,"Wednesday",5,"0:42:54",8.58333333333333,"27-Apr",4,2016,"USC00367938","SELLERSVILLE, PA US",79,46,47
"368",2016-05-07,"Saturday",6,"0:51:46",8.63333333333333,"7-May",5,2016,"USC00367938","SELLERSVILLE, PA US",51,48,49
"369",2016-05-15,"Sunday",6.5,"0:54:57",8.45,"15-May",5,2016,"USC00367938","SELLERSVILLE, PA US",73,42,49
"370",2016-05-19,"Thursday",3.96,"0:35:42",9.01666666666667,"19-May",5,2016,"USC00367938","SELLERSVILLE, PA US",61,47,53
"371",2016-05-21,"Saturday",6,"0:52:58",8.83333333333333,"21-May",5,2016,"USC00367938","SELLERSVILLE, PA US",75,48,51
"372",2016-05-28,"Saturday",6.25,"0:53:25",8.55,"28-May",5,2016,"USC00367938","SELLERSVILLE, PA US",88,61,70
"373",2016-06-02,"Thursday",5,"0:41:55",8.38333333333333,"2-Jun",6,2016,"USC00367938","SELLERSVILLE, PA US",85,58,62
"374",2016-06-12,"Sunday",6.25,"0:55:28",8.86666666666667,"12-Jun",6,2016,"USC00367938","SELLERSVILLE, PA US",90,53,78
"375",2016-06-18,"Saturday",6.25,"0:53:52",8.61666666666667,"18-Jun",6,2016,"USC00367938","SELLERSVILLE, PA US",83,51,61
"376",2016-06-24,"Friday",5.76,"0:48:57",8.5,"24-Jun",6,2016,"USC00367938","SELLERSVILLE, PA US",83,62,68
"377",2016-07-03,"Sunday",6,"0:51:22",8.56666666666667,"3-Jul",7,2016,"USC00367938","SELLERSVILLE, PA US",75,57,58
"378",2016-07-08,"Friday",5,"0:43:49",8.76666666666667,"8-Jul",7,2016,"USC00367938","SELLERSVILLE, PA US",89,69,76
"379",2016-07-10,"Sunday",5,"0:42:43",8.55,"10-Jul",7,2016,"USC00367938","SELLERSVILLE, PA US",76,61,65
"380",2016-07-12,"Tuesday",5,"0:44:54",8.98333333333333,"12-Jul",7,2016,"USC00367938","SELLERSVILLE, PA US",83,62,67
"381",2016-07-14,"Thursday",5,"0:45:27",9.08333333333333,"14-Jul",7,2016,"USC00367938","SELLERSVILLE, PA US",76,69,74
"382",2016-07-24,"Sunday",4,"0:38:42",9.68333333333333,"24-Jul",7,2016,"USC00367938","SELLERSVILLE, PA US",96,65,67
"383",2016-07-27,"Wednesday",4.56,"0:40:02",8.78333333333333,"27-Jul",7,2016,"USC00367938","SELLERSVILLE, PA US",89,69,72
"384",2016-07-31,"Sunday",5,"0:45:06",9.01666666666667,"31-Jul",7,2016,"USC00367938","SELLERSVILLE, PA US",86,70,71
"385",2016-08-06,"Saturday",5.75,"1:31:12",15.8666666666667,"6-Aug",8,2016,"USC00367938","SELLERSVILLE, PA US",82,65,74
"386",2016-08-14,"Sunday",6,"0:53:56",8.98333333333333,"14-Aug",8,2016,"USC00367938","SELLERSVILLE, PA US",95,75,75
"387",2016-08-21,"Sunday",6.02,"0:52:56",8.8,"21-Aug",8,2016,"USC00367938","SELLERSVILLE, PA US",88,69,72
"388",2016-08-27,"Saturday",5.61,"1:02:59",11.2333333333333,"27-Aug",8,2016,"USC00367938","SELLERSVILLE, PA US",90,63,74
"389",2016-09-04,"Sunday",5.11,"0:44:23",8.68333333333333,"4-Sep",9,2016,"USC00367938","SELLERSVILLE, PA US",78,52,54
"390",2016-09-10,"Saturday",5.99,"0:53:28",8.93333333333333,"10-Sep",9,2016,"USC00367938","SELLERSVILLE, PA US",92,71,75
"391",2016-09-17,"Saturday",6.05,"0:52:53",8.73333333333333,"17-Sep",9,2016,"USC00367938","SELLERSVILLE, PA US",78,51,55
"392",2016-09-25,"Sunday",6.5,"0:55:09",8.48333333333333,"25-Sep",9,2016,"USC00367938","SELLERSVILLE, PA US",82,47,48
"393",2016-10-02,"Sunday",5.99,"0:52:57",8.83333333333333,"2-Oct",10,2016,"USC00367938","SELLERSVILLE, PA US",61,56,57
"394",2016-10-09,"Sunday",5.99,"0:53:06",8.86666666666667,"9-Oct",10,2016,"USC00367938","SELLERSVILLE, PA US",67,55,58
"395",2016-10-16,"Sunday",6.01,"0:51:59",8.65,"16-Oct",10,2016,"USC00367938","SELLERSVILLE, PA US",67,34,40
"396",2016-10-30,"Sunday",6,"0:53:22",8.9,"30-Oct",10,2016,"USC00367938","SELLERSVILLE, PA US",68,30,51
"397",2016-11-05,"Saturday",5,"0:42:08",8.43333333333333,"5-Nov",11,2016,"USC00367938","SELLERSVILLE, PA US",67,29,30
"398",2016-11-20,"Sunday",5,"0:42:29",8.5,"20-Nov",11,2016,"USC00367938","SELLERSVILLE, PA US",67,31,36
"399",2016-11-27,"Sunday",5,"0:41:46",8.35,"27-Nov",11,2016,"USC00367938","SELLERSVILLE, PA US",47,23,26
"400",2016-12-04,"Sunday",6,"0:51:43",8.61666666666667,"4-Dec",12,2016,"USC00367938","SELLERSVILLE, PA US",48,38,41
"401",2016-12-14,"Wednesday",3.04,"0:27:03",8.9,"14-Dec",12,2016,"USC00367938","SELLERSVILLE, PA US",43,20,28
"402",2016-12-23,"Friday",5,"0:43:27",8.68333333333333,"23-Dec",12,2016,"USC00367938","SELLERSVILLE, PA US",49,17,26
"403",2017-01-01,"Sunday",5,"0:44:11",8.83333333333333,"1-Jan",1,2017,"USC00367938","SELLERSVILLE, PA US",43,23,30
"404",2017-01-15,"Sunday",5,"0:43:15",8.65,"15-Jan",1,2017,"USC00367938","SELLERSVILLE, PA US",32,21,23
"405",2017-01-22,"Sunday",5.01,"0:43:26",8.66666666666667,"22-Jan",1,2017,"USC00367938","SELLERSVILLE, PA US",46,40,42
"406",2017-01-29,"Sunday",5.01,"0:43:25",8.66666666666667,"29-Jan",1,2017,"USC00367938","SELLERSVILLE, PA US",36,24,31
"407",2017-02-05,"Sunday",5,"0:42:41",8.53333333333333,"5-Feb",2,2017,"USC00367938","SELLERSVILLE, PA US",34,18,26
"408",2017-02-18,"Saturday",5,"0:43:57",8.78333333333333,"18-Feb",2,2017,"USC00367938","SELLERSVILLE, PA US",44,17,26
"409",2017-02-23,"Thursday",4.98,"0:45:05",9.05,"23-Feb",2,2017,"USC00367938","SELLERSVILLE, PA US",61,32,41
"410",2017-02-26,"Sunday",5,"0:43:32",8.7,"26-Feb",2,2017,"USC00367938","SELLERSVILLE, PA US",71,33,34
"411",2017-03-01,"Wednesday",5,"0:43:39",8.73333333333333,"1-Mar",3,2017,"USC00367938","SELLERSVILLE, PA US",64,40,57
"412",2017-03-12,"Sunday",5.01,"0:43:52",8.75,"12-Mar",3,2017,"USC00367938","SELLERSVILLE, PA US",30,13,14
"413",2017-03-19,"Sunday",5.08,"0:43:51",8.63333333333333,"19-Mar",3,2017,"USC00367938","SELLERSVILLE, PA US",36,32,34
"414",2017-04-02,"Sunday",5,"0:42:58",8.6,"2-Apr",4,2017,"USC00367938","SELLERSVILLE, PA US",50,32,40
"415",2017-04-05,"Wednesday",4.5,"0:38:56",8.65,"5-Apr",4,2017,"USC00367938","SELLERSVILLE, PA US",73,49,53
"416",2017-04-09,"Sunday",5,"0:41:58",8.4,"9-Apr",4,2017,"USC00367938","SELLERSVILLE, PA US",58,28,29
"417",2017-04-13,"Thursday",5.03,"0:43:39",8.68333333333333,"13-Apr",4,2017,"USC00367938","SELLERSVILLE, PA US",74,40,46
"418",2017-04-16,"Sunday",5.01,"0:44:08",8.81666666666667,"16-Apr",4,2017,"USC00367938","SELLERSVILLE, PA US",65,50,53
"419",2017-04-19,"Wednesday",4.51,"0:39:35",8.78333333333333,"19-Apr",4,2017,"USC00367938","SELLERSVILLE, PA US",68,42,45
"420",2017-04-20,"Thursday",4.5,"0:38:38",8.58333333333333,"20-Apr",4,2017,"USC00367938","SELLERSVILLE, PA US",59,45,52
"421",2017-04-21,"Friday",4.5,"0:37:35",8.35,"21-Apr",4,2017,"USC00367938","SELLERSVILLE, PA US",73,49,50
"422",2017-04-22,"Saturday",3.3,"0:27:31",8.33333333333333,"22-Apr",4,2017,"USC00367938","SELLERSVILLE, PA US",60,50,54
"423",2017-04-23,"Sunday",3.3,"0:27:44",8.4,"23-Apr",4,2017,"USC00367938","SELLERSVILLE, PA US",56,39,42
"424",2017-04-24,"Monday",4.5,"0:38:55",8.65,"24-Apr",4,2017,"USC00367938","SELLERSVILLE, PA US",66,42,55
"425",2017-04-27,"Thursday",3.3,"0:27:31",8.33333333333333,"27-Apr",4,2017,"USC00367938","SELLERSVILLE, PA US",65,55,61
"426",2017-05-14,"Sunday",5,"0:42:55",8.58333333333333,"14-May",5,2017,"USC00367938","SELLERSVILLE, PA US",55,44,50
"427",2017-05-18,"Thursday",3.5,"0:29:05",8.31666666666667,"18-May",5,2017,"USC00367938","SELLERSVILLE, PA US",92,63,80
"428",2017-05-22,"Monday",4.98,"0:42:10",8.46666666666667,"22-May",5,2017,"USC00367938","SELLERSVILLE, PA US",71,50,53
"429",2017-05-31,"Wednesday",3.52,"0:29:19",8.33333333333333,"31-May",5,2017,"USC00367938","SELLERSVILLE, PA US",60,55,60
"430",2017-06-04,"Sunday",4.75,"0:41:14",8.68333333333333,"4-Jun",6,2017,"USC00367938","SELLERSVILLE, PA US",74,45,55
"431",2017-06-07,"Wednesday",3.51,"0:29:52",8.51666666666667,"7-Jun",6,2017,"USC00367938","SELLERSVILLE, PA US",61,50,53
"432",2017-06-08,"Thursday",3.54,"0:29:16",8.26666666666667,"8-Jun",6,2017,"USC00367938","SELLERSVILLE, PA US",67,45,55
"433",2017-06-10,"Saturday",4.66,"0:40:11",8.61666666666667,"10-Jun",6,2017,"USC00367938","SELLERSVILLE, PA US",80,53,61
"434",2017-06-13,"Tuesday",3.51,"0:29:37",8.43333333333333,"13-Jun",6,2017,"USC00367938","SELLERSVILLE, PA US",91,65,75
"435",2017-06-15,"Thursday",5.01,"0:41:32",8.28333333333333,"15-Jun",6,2017,"USC00367938","SELLERSVILLE, PA US",84,61,67
"436",2017-06-20,"Tuesday",4.01,"0:34:56",8.71666666666667,"20-Jun",6,2017,"USC00367938","SELLERSVILLE, PA US",87,67,68
"437",2017-06-25,"Sunday",7.25,"1:02:56",8.68333333333333,"25-Jun",6,2017,"USC00367938","SELLERSVILLE, PA US",83,60,66
"438",2017-06-27,"Tuesday",3.59,"0:32:30",9.05,"27-Jun",6,2017,"USC00367938","SELLERSVILLE, PA US",78,59,61
"439",2017-07-02,"Sunday",4.72,"0:42:51",9.08333333333333,"2-Jul",7,2017,"USC00367938","SELLERSVILLE, PA US",87,66,71
"440",2017-07-04,"Tuesday",3.2,"0:24:04",7.51666666666667,"4-Jul",7,2017,"USC00367938","SELLERSVILLE, PA US",87,68,73
"441",2017-07-09,"Sunday",6.5,"0:55:40",8.56666666666667,"9-Jul",7,2017,"USC00367938","SELLERSVILLE, PA US",83,59,63
"442",2017-07-11,"Tuesday",5,"0:43:08",8.63333333333333,"11-Jul",7,2017,"USC00367938","SELLERSVILLE, PA US",85,62,71
"443",2017-07-13,"Thursday",5,"0:43:08",8.63333333333333,"13-Jul",7,2017,"USC00367938","SELLERSVILLE, PA US",87,73,75
"444",2017-07-15,"Saturday",3.18,"0:25:39",8.06666666666667,"15-Jul",7,2017,"USC00367938","SELLERSVILLE, PA US",73,69,72
"445",2017-07-24,"Monday",3.53,"0:30:46",8.71666666666667,"24-Jul",7,2017,"USC00367938","SELLERSVILLE, PA US",84,69,70
"446",2017-07-26,"Wednesday",5,"0:44:10",8.83333333333333,"26-Jul",7,2017,"USC00367938","SELLERSVILLE, PA US",75,64,66
"447",2017-07-28,"Friday",5,"0:45:31",9.1,"28-Jul",7,2017,"USC00367938","SELLERSVILLE, PA US",79,66,70
"448",2017-08-01,"Tuesday",3.5,"0:30:40",8.76666666666667,"1-Aug",8,2017,"USC00367938","SELLERSVILLE, PA US",88,62,67
"449",2017-08-06,"Sunday",7.25,"1:03:59",8.83333333333333,"6-Aug",8,2017,"USC00367938","SELLERSVILLE, PA US",76,54,57
"450",2017-08-13,"Sunday",7.23,"1:04:58",8.98333333333333,"13-Aug",8,2017,"USC00367938","SELLERSVILLE, PA US",81,63,65
"451",2017-08-17,"Thursday",3.55,"0:29:48",8.4,"17-Aug",8,2017,"USC00367938","SELLERSVILLE, PA US",86,62,64
"452",2017-08-25,"Friday",5.01,"0:43:47",8.73333333333333,"25-Aug",8,2017,"USC00367938","SELLERSVILLE, PA US",77,56,59
"453",2017-08-27,"Sunday",8.77,"1:35:06",10.85,"27-Aug",8,2017,"USC00367938","SELLERSVILLE, PA US",77,52,55
"454",2017-09-01,"Friday",5,"0:43:19",8.66666666666667,"1-Sep",9,2017,"USC00367938","SELLERSVILLE, PA US",80,43,55
"455",2017-09-08,"Friday",5,"0:43:58",8.8,"8-Sep",9,2017,"USC00367938","SELLERSVILLE, PA US",70,51,53
"456",2017-09-10,"Sunday",2.52,"0:23:07",9.16666666666667,"10-Sep",9,2017,"USC00367938","SELLERSVILLE, PA US",67,40,51
"457",2017-09-15,"Friday",3.3,"0:27:26",8.31666666666667,"15-Sep",9,2017,"USC00367938","SELLERSVILLE, PA US",80,57,59
"458",2017-09-17,"Sunday",4.92,"0:44:14",8.98333333333333,"17-Sep",9,2017,"USC00367938","SELLERSVILLE, PA US",86,60,68
"459",2017-09-21,"Thursday",5,"0:43:40",8.73333333333333,"21-Sep",9,2017,"USC00367938","SELLERSVILLE, PA US",85,61,67
"460",2017-09-23,"Saturday",4.92,"0:41:52",8.51666666666667,"23-Sep",9,2017,"USC00367938","SELLERSVILLE, PA US",83,57,60
"461",2017-09-26,"Tuesday",5.01,"0:42:59",8.58333333333333,"26-Sep",9,2017,"USC00367938","SELLERSVILLE, PA US",91,63,64
"462",2017-09-30,"Saturday",5.05,"0:41:54",8.3,"30-Sep",9,2017,"USC00367938","SELLERSVILLE, PA US",69,45,50
"463",2017-10-08,"Sunday",7.17,"1:03:36",8.86666666666667,"8-Oct",10,2017,"USC00367938","SELLERSVILLE, PA US",83,59,72
"464",2017-10-11,"Wednesday",4.98,"0:42:16",8.48333333333333,"11-Oct",10,2017,"USC00367938","SELLERSVILLE, PA US",80,60,62
"465",2017-10-21,"Saturday",4.82,"0:40:42",8.45,"21-Oct",10,2017,"USC00367938","SELLERSVILLE, PA US",73,38,44
"466",2017-10-28,"Saturday",4.9,"0:42:34",8.68333333333333,"28-Oct",10,2017,"USC00367938","SELLERSVILLE, PA US",63,33,38
"467",2017-10-31,"Tuesday",4.9,"0:42:00",8.56666666666667,"31-Oct",10,2017,"USC00367938","SELLERSVILLE, PA US",55,35,36
"468",2017-11-04,"Saturday",4.9,"0:41:47",8.53333333333333,"4-Nov",11,2017,"USC00367938","SELLERSVILLE, PA US",71,35,36
"469",2017-11-08,"Wednesday",4.9,"0:42:09",8.6,"8-Nov",11,2017,"USC00367938","SELLERSVILLE, PA US",46,37,39
"470",2017-11-12,"Sunday",4.9,"0:41:47",8.53333333333333,"12-Nov",11,2017,"USC00367938","SELLERSVILLE, PA US",40,21,25
"471",2017-11-15,"Wednesday",4.9,"0:41:42",8.51666666666667,"15-Nov",11,2017,"USC00367938","SELLERSVILLE, PA US",48,24,28
"472",2017-11-21,"Tuesday",4.9,"0:42:11",8.61666666666667,"21-Nov",11,2017,"USC00367938","SELLERSVILLE, PA US",47,24,27
"473",2017-11-24,"Friday",5,"0:41:57",8.38333333333333,"24-Nov",11,2017,"USC00367938","SELLERSVILLE, PA US",41,17,30
"474",2017-11-27,"Monday",4.9,"0:41:46",8.51666666666667,"27-Nov",11,2017,"USC00367938","SELLERSVILLE, PA US",48,21,29
"475",2017-12-02,"Saturday",4.9,"0:41:33",8.48333333333333,"2-Dec",12,2017,"USC00367938","SELLERSVILLE, PA US",52,22,26
"476",2017-12-18,"Monday",5.02,"0:41:50",8.33333333333333,"18-Dec",12,2017,"USC00367938","SELLERSVILLE, PA US",39,25,35
"477",2017-12-21,"Thursday",5,"0:41:51",8.36666666666667,"21-Dec",12,2017,"USC00367938","SELLERSVILLE, PA US",46,21,25
"478",2017-12-26,"Tuesday",5,"0:42:04",8.41666666666667,"26-Dec",12,2017,"USC00367938","SELLERSVILLE, PA US",35,18,20
"479",2018-01-02,"Tuesday",3.5,"0:30:00",8.56666666666667,"2-Jan",1,2018,"USC00367938","SELLERSVILLE, PA US",17,-3,6
"480",2018-01-14,"Sunday",4.83,"0:41:44",8.63333333333333,"14-Jan",1,2018,"USC00367938","SELLERSVILLE, PA US",30,8,9
"481",2018-01-22,"Monday",3.52,"0:29:11",8.28333333333333,"22-Jan",1,2018,"USC00367938","SELLERSVILLE, PA US",49,25,37
"482",2018-01-27,"Saturday",5,"0:41:11",8.23333333333333,"27-Jan",1,2018,"USC00367938","SELLERSVILLE, PA US",40,17,29
"483",2018-02-01,"Thursday",3.51,"0:28:34",8.13333333333333,"1-Feb",2,2018,"USC00367938","SELLERSVILLE, PA US",33,15,29
"484",2018-02-10,"Saturday",6,"0:49:13",8.2,"10-Feb",2,2018,"USC00367938","SELLERSVILLE, PA US",36,16,33
"485",2018-02-12,"Monday",3.5,"0:28:06",8.03333333333333,"12-Feb",2,2018,"USC00367938","SELLERSVILLE, PA US",59,40,40
"486",2018-02-16,"Friday",5,"0:41:39",8.33333333333333,"16-Feb",2,2018,"USC00367938","SELLERSVILLE, PA US",62,38,45
"487",2018-02-21,"Wednesday",5.01,"0:42:14",8.43333333333333,"21-Feb",2,2018,"USC00367938","SELLERSVILLE, PA US",71,37,60
"488",2018-02-24,"Saturday",5.01,"0:41:21",8.25,"24-Feb",2,2018,"USC00367938","SELLERSVILLE, PA US",42,36,42
"489",2018-02-27,"Tuesday",5.03,"0:40:55",8.13333333333333,"27-Feb",2,2018,"USC00367938","SELLERSVILLE, PA US",51,24,31
"490",2018-03-04,"Saturday",3.3,"0:26:51",8.13333333333333,"4-Mar",3,2018,"USC00367938","SELLERSVILLE, PA US",43,31,36
"491",2018-03-10,"Saturday",3.47,"0:28:58",8.35,"10-Mar",3,2018,"USC00367938","SELLERSVILLE, PA US",40,25,30
"492",2018-03-13,"Tuesday",4.98,"0:41:22",8.3,"13-Mar",3,2018,"USC00367938","SELLERSVILLE, PA US",41,24,32
"493",2018-03-18,"Sunday",5.01,"0:41:42",8.31666666666667,"18-Mar",3,2018,"USC00367938","SELLERSVILLE, PA US",46,22,30
"494",2018-03-20,"Tuesday",3.5,"0:29:16",8.36666666666667,"20-Mar",3,2018,"USC00367938","SELLERSVILLE, PA US",47,26,30
"495",2018-03-26,"Monday",5,"0:41:31",8.3,"26-Mar",3,2018,"USC00367938","SELLERSVILLE, PA US",46,22,28
"496",2018-04-04,"Wednesday",3.49,"0:28:44",8.23333333333333,"4-Apr",4,2018,"USC00367938","SELLERSVILLE, PA US",42,37,41
"497",2018-04-07,"Saturday",3.52,"0:30:28",8.65,"7-Apr",4,2018,"USC00367938","SELLERSVILLE, PA US",57,35,36
"498",2018-04-13,"Friday",5,"0:43:32",8.7,"13-Apr",4,2018,"USC00367938","SELLERSVILLE, PA US",68,39,50
"499",2018-04-18,"Wednesday",3.51,"0:28:36",8.15,"18-Apr",4,2018,"USC00367938","SELLERSVILLE, PA US",44,35,37
"500",2018-04-22,"Sunday",4.98,"0:42:18",8.5,"22-Apr",4,2018,"USC00367938","SELLERSVILLE, PA US",58,28,33
"501",2018-04-26,"Thursday",3.54,"0:29:04",8.21666666666667,"26-Apr",4,2018,"USC00367938","SELLERSVILLE, PA US",62,44,51
"502",2018-04-28,"Saturday",4.98,"0:42:02",8.43333333333333,"28-Apr",4,2018,"USC00367938","SELLERSVILLE, PA US",53,34,52
"503",2018-05-03,"Thursday",3.5,"0:29:21",8.38333333333333,"3-May",5,2018,"USC00367938","SELLERSVILLE, PA US",85,49,63
"504",2018-05-07,"Monday",4.95,"0:42:38",8.61666666666667,"7-May",5,2018,"USC00367938","SELLERSVILLE, PA US",62,45,53
"505",2018-05-11,"Friday",3.51,"0:28:48",8.2,"11-May",5,2018,"USC00367938","SELLERSVILLE, PA US",75,49,62
"506",2018-05-17,"Thursday",3.51,"0:29:41",8.45,"17-May",5,2018,"USC00367938","SELLERSVILLE, PA US",78,51,58
"507",2018-05-20,"Sunday",4.97,"0:44:15",8.9,"20-May",5,2018,"USC00367938","SELLERSVILLE, PA US",67,47,67
"508",2018-05-28,"Monday",3.5,"0:29:53",8.53333333333333,"28-May",5,2018,"USC00367938","SELLERSVILLE, PA US",67,54,64
"509",2018-06-04,"Monday",4.96,"0:42:55",8.65,"4-Jun",6,2018,"USC00367938","SELLERSVILLE, PA US",62,51,53
"510",2018-06-08,"Friday",4.97,"0:42:56",8.63333333333333,"8-Jun",6,2018,"USC00367938","SELLERSVILLE, PA US",75,58,60
"511",2018-06-11,"Monday",3.51,"0:29:41",8.45,"11-Jun",6,2018,"USC00367938","SELLERSVILLE, PA US",65,50,55
"512",2018-06-15,"Friday",3.65,"0:31:16",8.56666666666667,"15-Jun",6,2018,"USC00367938","SELLERSVILLE, PA US",83,53,65
"513",2018-06-21,"Thursday",5,"0:43:01",8.6,"21-Jun",6,2018,"USC00367938","SELLERSVILLE, PA US",82,64,67
"514",2018-07-04,"Wednesday",4.97,"0:43:56",8.83333333333333,"4-Jul",7,2018,"USC00367938","SELLERSVILLE, PA US",95,69,73
"515",2018-07-08,"Sunday",4.98,"0:42:50",8.6,"8-Jul",7,2018,"USC00367938","SELLERSVILLE, PA US",78,53,60
"516",2018-07-11,"Wednesday",3.5,"0:30:29",8.71666666666667,"11-Jul",7,2018,"USC00367938","SELLERSVILLE, PA US",90,59,74
"517",2018-07-13,"Friday",6,"0:53:00",8.83333333333333,"13-Jul",7,2018,"USC00367938","SELLERSVILLE, PA US",83,60,66
"518",2018-07-17,"Tuesday",4.99,"0:43:21",8.68333333333333,"17-Jul",7,2018,"USC00367938","SELLERSVILLE, PA US",92,73,78
"519",2018-07-21,"Saturday",5,"0:53:00",10.6,"21-Jul",7,2018,"USC00367938","SELLERSVILLE, PA US",78,60,64
"520",2018-07-27,"Friday",4.95,"0:42:53",8.66666666666667,"27-Jul",7,2018,"USC00367938","SELLERSVILLE, PA US",85,65,71
"521",2018-08-02,"Thursday",5.02,"0:43:41",8.7,"2-Aug",8,2018,"USC00367938","SELLERSVILLE, PA US",86,69,72
"522",2018-08-07,"Tuesday",3.52,"0:30:49",8.75,"7-Aug",8,2018,"USC00367938","SELLERSVILLE, PA US",91,69,76
"523",2018-08-09,"Thursday",3.51,"0:30:16",8.61666666666667,"9-Aug",8,2018,"USC00367938","SELLERSVILLE, PA US",89,69,74
"524",2018-08-12,"Sunday",5,"0:43:54",8.78333333333333,"12-Aug",8,2018,"USC00367938","SELLERSVILLE, PA US",81,67,68
"525",2018-08-18,"Saturday",4.96,"0:42:52",8.65,"18-Aug",8,2018,"USC00367938","SELLERSVILLE, PA US",90,71,72
"526",2018-08-23,"Thursday",4.99,"0:42:38",8.55,"23-Aug",8,2018,"USC00367938","SELLERSVILLE, PA US",82,63,65
"527",2018-08-25,"Saturday",8.96,"1:37:18",10.8666666666667,"25-Aug",8,2018,"USC00367938","SELLERSVILLE, PA US",82,57,60
"528",2018-08-29,"Wednesday",3.46,"0:31:17",9.03333333333333,"29-Aug",8,2018,"USC00367938","SELLERSVILLE, PA US",92,71,74
"529",2018-09-01,"Saturday",4.92,"0:44:39",9.08333333333333,"1-Sep",9,2018,"USC00367938","SELLERSVILLE, PA US",73,66,67
"530",2018-09-05,"Wednesday",3.51,"0:30:28",8.68333333333333,"5-Sep",9,2018,"USC00367938","SELLERSVILLE, PA US",91,66,73
"531",2018-09-08,"Saturday",6.41,"0:56:34",8.81666666666667,"8-Sep",9,2018,"USC00367938","SELLERSVILLE, PA US",84,62,64
"532",2018-09-12,"Wednesday",3.5,"0:30:02",8.58333333333333,"12-Sep",9,2018,"USC00367938","SELLERSVILLE, PA US",73,62,70
"533",2018-09-15,"Saturday",6.44,"0:56:47",8.81666666666667,"15-Sep",9,2018,"USC00367938","SELLERSVILLE, PA US",73,61,62
"534",2018-09-19,"Wednesday",3.5,"0:30:16",8.65,"19-Sep",9,2018,"USC00367938","SELLERSVILLE, PA US",80,61,65
"535",2018-09-22,"Saturday",4.98,"0:43:49",8.8,"22-Sep",9,2018,"USC00367938","SELLERSVILLE, PA US",73,64,70
"536",2018-09-27,"Thursday",3.48,"0:30:10",8.66666666666667,"27-Sep",9,2018,"USC00367938","SELLERSVILLE, PA US",83,59,60
"537",2018-10-01,"Monday",4.98,"0:43:40",8.76666666666667,"1-Oct",10,2018,"USC00367938","SELLERSVILLE, PA US",75,50,58
"538",2018-10-06,"Saturday",4.99,"0:43:25",8.7,"6-Oct",10,2018,"USC00367938","SELLERSVILLE, PA US",70,57,62
"539",2018-10-10,"Wednesday",3.48,"0:30:20",8.71666666666667,"10-Oct",10,2018,"USC00367938","SELLERSVILLE, PA US",78,64,68
"540",2018-10-14,"Sunday",4.95,"0:43:13",8.73333333333333,"14-Oct",10,2018,"USC00367938","SELLERSVILLE, PA US",55,37,41
"541",2018-10-17,"Wednesday",3.45,"0:29:26",8.53333333333333,"17-Oct",10,2018,"USC00367938","SELLERSVILLE, PA US",53,35,38
"542",2018-10-21,"Sunday",5,"0:43:02",8.6,"21-Oct",10,2018,"USC00367938","SELLERSVILLE, PA US",62,30,31
"543",2018-10-29,"Monday",3.51,"0:30:34",8.71666666666667,"29-Oct",10,2018,"USC00367938","SELLERSVILLE, PA US",51,38,46
"544",2018-11-07,"Wednesday",3.84,"0:33:17",8.66666666666667,"7-Nov",11,2018,"USC00367938","SELLERSVILLE, PA US",54,36,47
"545",2018-11-15,"Thursday",3.5,"0:31:30",9,"15-Nov",11,2018,"USC00367938","SELLERSVILLE, PA US",42,29,30
"546",2018-11-20,"Tuesday",3.51,"0:29:02",8.26666666666667,"20-Nov",11,2018,"USC00367938","SELLERSVILLE, PA US",49,36,40
"547",2018-11-25,"Sunday",4.98,"0:41:58",8.43333333333333,"25-Nov",11,2018,"USC00367938","SELLERSVILLE, PA US",43,9,39
"548",2018-12-10,"Monday",3.51,"0:29:23",8.36666666666667,"10-Dec",12,2018,"USC00367938","SELLERSVILLE, PA US",32,4,17
"549",2018-12-14,"Friday",5.02,"0:42:45",8.51666666666667,"14-Dec",12,2018,"USC00367938","SELLERSVILLE, PA US",41,25,36
"550",2018-12-21,"Friday",3.5,"0:30:03",8.58333333333333,"21-Dec",12,2018,"USC00367938","SELLERSVILLE, PA US",61,21,60
"551",2018-12-29,"Saturday",4.97,"0:41:41",8.38333333333333,"29-Dec",12,2018,"USC00367938","SELLERSVILLE, PA US",56,40,45
"552",2019-01-04,"Friday",3.46,"0:29:32",8.53333333333333,"4-Jan",1,2019,"USC00367938","SELLERSVILLE, PA US",42,34,41
"553",2019-01-23,"Wednesday",4.99,"0:42:47",8.56666666666667,"23-Jan",1,2019,"USC00367938","SELLERSVILLE, PA US",31,9,28
"554",2019-01-27,"Sunday",3.49,"0:30:15",8.66666666666667,"27-Jan",1,2019,"USC00367938","SELLERSVILLE, PA US",34,12,29
"555",2019-02-05,"Tuesday",4.95,"0:42:23",8.55,"5-Feb",2,2019,"USC00367938","SELLERSVILLE, PA US",60,24,33
"556",2019-02-22,"Friday",4.98,"0:42:08",8.46666666666667,"22-Feb",2,2019,"USC00367938","SELLERSVILLE, PA US",53,32,40
"557",2019-03-14,"Thursday",2.12,"0:18:29",8.75,"14-Mar",3,2019,"USC00367938","SELLERSVILLE, PA US",49,24,37
"558",2019-03-16,"Saturday",4.94,"0:43:30",8.8,"16-Mar",3,2019,"USC00367938","SELLERSVILLE, PA US",71,36,41
"559",2019-03-20,"Wednesday",4.96,"0:43:16",8.71666666666667,"20-Mar",3,2019,"USC00367938","SELLERSVILLE, PA US",49,21,27
"560",2019-03-24,"Sunday",5.92,"0:51:03",8.63333333333333,"24-Mar",3,2019,"USC00367938","SELLERSVILLE, PA US",49,29,29
"561",2019-03-30,"Saturday",4.95,"0:42:36",8.6,"30-Mar",3,2019,"USC00367938","SELLERSVILLE, PA US",56,42,46
"562",2019-04-03,"Wednesday",4.98,"0:42:43",8.58333333333333,"3-Apr",4,2019,"USC00367938","SELLERSVILLE, PA US",51,26,36
"563",2019-04-09,"Tuesday",4.97,"0:42:40",8.58333333333333,"9-Apr",4,2019,"USC00367938","SELLERSVILLE, PA US",77,51,52
"564",2019-04-17,"Wednesday",4.96,"0:42:15",8.51666666666667,"17-Apr",4,2019,"USC00367938","SELLERSVILLE, PA US",64,43,50
"565",2019-04-21,"Sunday",3.5,"0:30:12",8.63333333333333,"21-Apr",4,2019,"USC00367938","SELLERSVILLE, PA US",72,50,51
"566",2019-04-24,"Wednesday",3.47,"0:29:25",8.48333333333333,"24-Apr",4,2019,"USC00367938","SELLERSVILLE, PA US",77,50,58
"567",2019-04-27,"Saturday",4.95,"0:41:51",8.45,"27-Apr",4,2019,"USC00367938","SELLERSVILLE, PA US",67,44,48
"568",2019-05-02,"Thursday",4.91,"0:43:30",8.85,"2-May",5,2019,"USC00367938","SELLERSVILLE, PA US",57,49,52
"569",2019-05-07,"Tuesday",4.97,"0:42:31",8.56666666666667,"7-May",5,2019,"USC00367938","SELLERSVILLE, PA US",71,51,55
"570",2019-05-11,"Saturday",4.97,"0:41:43",8.4,"11-May",5,2019,"USC00367938","SELLERSVILLE, PA US",76,53,55
"571",2019-05-16,"Thursday",4.98,"0:42:05",8.45,"16-May",5,2019,"USC00367938","SELLERSVILLE, PA US",71,40,52
"572",2019-05-18,"Saturday",4.99,"0:41:44",8.36666666666667,"18-May",5,2019,"USC00367938","SELLERSVILLE, PA US",78,51,59
"573",2019-05-23,"Thursday",3.69,"0:33:10",8.98333333333333,"23-May",5,2019,"USC00367938","SELLERSVILLE, PA US",64,48,49
"574",2019-05-25,"Saturday",4.97,"0:42:51",8.63333333333333,"25-May",5,2019,"USC00367938","SELLERSVILLE, PA US",63,37,55
"575",2019-05-31,"Friday",4.98,"0:43:22",8.7,"31-May",5,2019,"USC00367938","SELLERSVILLE, PA US",78,52,64
"576",2019-06-02,"Sunday",6,"0:52:11",8.7,"2-Jun",6,2019,"USC00367938","SELLERSVILLE, PA US",81,59,60
"577",2019-06-08,"Saturday",4.98,"0:42:43",8.58333333333333,"8-Jun",6,2019,"USC00367938","SELLERSVILLE, PA US",78,54,57
"578",2019-06-11,"Tuesday",4.99,"0:42:36",8.53333333333333,"11-Jun",6,2019,"USC00367938","SELLERSVILLE, PA US",76,56,63
"579",2019-06-15,"Saturday",5.95,"0:52:19",8.8,"15-Jun",6,2019,"USC00367938","SELLERSVILLE, PA US",69,49,60
"580",2019-06-18,"Tuesday",4.98,"0:44:41",8.96666666666667,"18-Jun",6,2019,"USC00367938","SELLERSVILLE, PA US",76,59,69
"581",2019-06-21,"Friday",6.02,"1:16:19",12.6833333333333,"21-Jun",6,2019,"USC00367938","SELLERSVILLE, PA US",81,67,68
"582",2019-06-26,"Wednesday",3.12,"0:23:40",7.58333333333333,"26-Jun",6,2019,"USC00367938","SELLERSVILLE, PA US",82,55,72
"583",2019-06-28,"Friday",9.96,"1:57:53",11.8333333333333,"28-Jun",6,2019,"USC00367938","SELLERSVILLE, PA US",84,57,68
"584",2019-07-05,"Friday",4.98,"0:42:58",8.63333333333333,"5-Jul",7,2019,"USC00367938","SELLERSVILLE, PA US",85,61,67
"585",2019-07-07,"Sunday",6.08,"0:51:46",8.51666666666667,"7-Jul",7,2019,"USC00367938","SELLERSVILLE, PA US",87,NA,75
"586",2019-07-10,"Wednesday",8.02,"1:13:06",9.11666666666667,"10-Jul",7,2019,"USC00367938","SELLERSVILLE, PA US",82,64,69
"587",2019-07-16,"Tuesday",3.93,"0:33:10",8.43333333333333,"16-Jul",7,2019,"USC00367938","SELLERSVILLE, PA US",85,62,72
"588",2019-07-19,"Friday",4.99,"0:42:52",8.58333333333333,"19-Jul",7,2019,"USC00367938","SELLERSVILLE, PA US",85,73,76
"589",2019-07-30,"Tuesday",4.99,"0:43:12",8.66666666666667,"30-Jul",7,2019,"USC00367938","SELLERSVILLE, PA US",90,69,77
"590",2019-08-01,"Thursday",4.98,"0:43:42",8.78333333333333,"1-Aug",8,2019,"USC00367938","SELLERSVILLE, PA US",89,66,67
"591",2019-08-03,"Saturday",4.9,"0:42:50",8.75,"3-Aug",8,2019,"USC00367938","SELLERSVILLE, PA US",86,69,71
"592",2019-08-06,"Tuesday",4.98,"0:42:12",8.48333333333333,"6-Aug",8,2019,"USC00367938","SELLERSVILLE, PA US",86,69,72
"593",2019-08-08,"Thursday",4.95,"0:43:24",8.78333333333333,"8-Aug",8,2019,"USC00367938","SELLERSVILLE, PA US",89,67,71
"594",2019-08-11,"Sunday",6.02,"0:51:58",8.63333333333333,"11-Aug",8,2019,"USC00367938","SELLERSVILLE, PA US",80,55,58
"595",2019-08-14,"Wednesday",5,"0:43:46",8.75,"14-Aug",8,2019,"USC00367938","SELLERSVILLE, PA US",79,69,71
"596",2019-08-16,"Friday",3.02,"0:26:33",8.8,"16-Aug",8,2019,"USC00367938","SELLERSVILLE, PA US",83,68,71
"597",2019-08-20,"Tuesday",4.97,"0:43:46",8.81666666666667,"20-Aug",8,2019,"USC00367938","SELLERSVILLE, PA US",91,67,73
"598",2019-08-22,"Thursday",4.98,"0:43:54",8.81666666666667,"22-Aug",8,2019,"USC00367938","SELLERSVILLE, PA US",87,69,71
"599",2019-08-24,"Saturday",9.1,"1:29:06",9.78333333333333,"24-Aug",8,2019,"USC00367938","SELLERSVILLE, PA US",75,55,58
"600",2019-08-27,"Tuesday",4.98,"0:42:53",8.61666666666667,"27-Aug",8,2019,"USC00367938","SELLERSVILLE, PA US",76,54,57
"601",2019-08-30,"Friday",4.93,"0:43:32",8.83333333333333,"30-Aug",8,2019,"USC00367938","SELLERSVILLE, PA US",80,53,62
"602",2019-09-03,"Tuesday",3.39,"0:29:49",8.78333333333333,"3-Sep",9,2019,"USC00367938","SELLERSVILLE, PA US",80,60,66
"603",2019-09-06,"Friday",4.95,"0:42:23",8.56666666666667,"6-Sep",9,2019,"USC00367938","SELLERSVILLE, PA US",74,58,59
"604",2019-09-08,"Sunday",10,"1:33:09",9.31666666666667,"8-Sep",9,2019,"USC00367938","SELLERSVILLE, PA US",77,53,58
"605",2019-09-13,"Friday",4.96,"0:43:29",8.76666666666667,"13-Sep",9,2019,"USC00367938","SELLERSVILLE, PA US",89,59,60
"606",2019-09-15,"Sunday",6.05,"0:52:52",8.73333333333333,"15-Sep",9,2019,"USC00367938","SELLERSVILLE, PA US",75,62,62
"607",2019-09-19,"Thursday",3.49,"0:29:29",8.45,"19-Sep",9,2019,"USC00367938","SELLERSVILLE, PA US",74,44,50
"608",2019-09-22,"Sunday",6.08,"0:52:39",8.65,"22-Sep",9,2019,"USC00367938","SELLERSVILLE, PA US",86,46,58
"609",2019-09-25,"Wednesday",4.93,"0:42:47",8.66666666666667,"25-Sep",9,2019,"USC00367938","SELLERSVILLE, PA US",90,48,50
"610",2019-09-29,"Sunday",2.99,"0:26:29",8.85,"29-Sep",9,2019,"USC00367938","SELLERSVILLE, PA US",84,47,67
"611",2019-10-06,"Sunday",6.32,"0:53:47",8.5,"6-Oct",10,2019,"USC00367938","SELLERSVILLE, PA US",62,38,54
"612",2019-10-10,"Thursday",6.13,"0:52:37",8.58333333333333,"10-Oct",10,2019,"USC00367938","SELLERSVILLE, PA US",58,51,54
"613",2019-10-13,"Sunday",6.37,"0:53:51",8.45,"13-Oct",10,2019,"USC00367938","SELLERSVILLE, PA US",69,40,40
"614",2019-10-17,"Thursday",6.37,"0:53:27",8.38333333333333,"17-Oct",10,2019,"USC00367938","SELLERSVILLE, PA US",63,50,51
"615",2019-10-19,"Saturday",6.16,"0:51:08",8.31666666666667,"19-Oct",10,2019,"USC00367938","SELLERSVILLE, PA US",59,31,50
"616",2019-10-27,"Sunday",6.12,"0:51:53",8.48333333333333,"27-Oct",10,2019,"USC00367938","SELLERSVILLE, PA US",65,42,58
"617",2019-11-02,"Saturday",6.17,"0:51:53",8.41666666666667,"2-Nov",11,2019,"USC00367938","SELLERSVILLE, PA US",51,29,40
"618",2019-11-09,"Saturday",6.12,"0:51:15",8.38333333333333,"9-Nov",11,2019,"USC00367938","SELLERSVILLE, PA US",41,17,32
"619",2019-11-17,"Sunday",6.18,"0:51:22",8.31666666666667,"17-Nov",11,2019,"USC00367938","SELLERSVILLE, PA US",44,25,29
"620",2019-11-25,"Monday",6.17,"0:52:06",8.45,"25-Nov",11,2019,"USC00367938","SELLERSVILLE, PA US",44,31,38
"621",2019-12-06,"Friday",6.38,"0:54:43",8.58333333333333,"6-Dec",12,2019,"USC00367938","SELLERSVILLE, PA US",42,29,32
"622",2019-12-14,"Saturday",2.32,"0:19:47",8.51666666666667,"14-Dec",12,2019,"USC00367938","SELLERSVILLE, PA US",50,34,46
"623",2019-12-21,"Saturday",6.16,"0:51:21",8.33333333333333,"21-Dec",12,2019,"USC00367938","SELLERSVILLE, PA US",34,14,19
"624",2019-12-28,"Saturday",6.15,"0:52:25",8.51666666666667,"28-Dec",12,2019,"USC00367938","SELLERSVILLE, PA US",52,28,29
"625",2019-12-31,"Tuesday",4.35,"0:36:28",8.38333333333333,"31-Dec",12,2019,"USC00367938","SELLERSVILLE, PA US",42,36,37
"626",2020-01-10,"Friday",6.16,"0:51:52",8.41666666666667,"10-Jan",1,2020,"USC00367938","SELLERSVILLE, PA US",34,20,31
"627",2020-01-15,"Wednesday",6.17,"0:52:35",8.51666666666667,"15-Jan",1,2020,"USC00367938","SELLERSVILLE, PA US",43,33,36
"628",2020-01-22,"Wednesday",3.52,"0:30:03",8.53333333333333,"22-Jan",1,2020,"USC00367938","SELLERSVILLE, PA US",34,10,12
"629",2020-01-26,"Sunday",6.16,"0:51:34",8.36666666666667,"26-Jan",1,2020,"USC00367938","SELLERSVILLE, PA US",45,28,43
"630",2020-01-29,"Wednesday",6.12,"0:51:41",8.45,"29-Jan",1,2020,"USC00367938","SELLERSVILLE, PA US",40,35,35
"631",2020-02-03,"Monday",6.15,"0:51:05",8.31666666666667,"3-Feb",2,2020,"USC00367938","SELLERSVILLE, PA US",45,32,33
"632",2020-02-09,"Sunday",4.02,"0:33:52",8.43333333333333,"9-Feb",2,2020,"USC00367938","SELLERSVILLE, PA US",41,24,28
"633",2020-02-12,"Wednesday",6.16,"0:52:09",8.46666666666667,"12-Feb",2,2020,"USC00367938","SELLERSVILLE, PA US",50,32,34
"634",2020-02-17,"Monday",5.51,"0:45:35",8.26666666666667,"17-Feb",2,2020,"USC00367938","SELLERSVILLE, PA US",53,26,51
"635",2020-02-20,"Thursday",6.12,"0:51:12",8.36666666666667,"20-Feb",2,2020,"USC00367938","SELLERSVILLE, PA US",48,24,29
"636",2020-03-02,"Monday",6.15,"0:51:13",8.33333333333333,"2-Mar",3,2020,"USC00367938","SELLERSVILLE, PA US",45,24,36
"637",2020-03-09,"Monday",6.15,"0:52:00",8.45,"9-Mar",3,2020,"USC00367938","SELLERSVILLE, PA US",58,28,37
"638",2020-03-13,"Friday",3.49,"0:29:13",8.36666666666667,"13-Mar",3,2020,"USC00367938","SELLERSVILLE, PA US",54,40,53
"639",2020-03-17,"Tuesday",6.15,"0:51:50",8.43333333333333,"17-Mar",3,2020,"USC00367938","SELLERSVILLE, PA US",50,34,39
"640",2020-03-21,"Saturday",6.15,"0:51:51",8.41666666666667,"21-Mar",3,2020,"USC00367938","SELLERSVILLE, PA US",72,40,40
"641",2020-03-24,"Tuesday",6.15,"0:51:59",8.45,"24-Mar",3,2020,"USC00367938","SELLERSVILLE, PA US",42,35,42
"642",2020-03-27,"Friday",6.15,"0:52:00",8.45,"27-Mar",3,2020,"USC00367938","SELLERSVILLE, PA US",59,32,49
"643",2020-03-30,"Monday",6.16,"0:52:24",8.51666666666667,"30-Mar",3,2020,"USC00367938","SELLERSVILLE, PA US",50,45,45
"644",2020-04-03,"Friday",6.16,"0:52:24",8.51666666666667,"3-Apr",4,2020,NA,NA,NA,NA,NA
"645",2020-04-06,"Monday",6.16,"0:52:55",8.6,"6-Apr",4,2020,"USC00367938","SELLERSVILLE, PA US",67,46,50
"646",2020-04-12,"Sunday",6.16,"0:52:32",8.53333333333333,"12-Apr",4,2020,"USC00367938","SELLERSVILLE, PA US",54,30,35
"647",2020-04-14,"Tuesday",6.17,"0:52:59",8.6,"14-Apr",4,2020,"USC00367938","SELLERSVILLE, PA US",68,35,36
"648",2020-04-19,"Sunday",6.15,"0:52:37",8.55,"19-Apr",4,2020,"USC00367938","SELLERSVILLE, PA US",47,27,47
"649",2020-04-23,"Thursday",6.15,"0:52:42",8.58333333333333,"23-Apr",4,2020,"USC00367938","SELLERSVILLE, PA US",52,32,38
"650",2020-04-25,"Saturday",6.16,"0:52:15",8.48333333333333,"25-Apr",4,2020,NA,NA,NA,NA,NA
"651",2020-04-28,"Tuesday",6.16,"0:51:59",8.45,"28-Apr",4,2020,NA,NA,NA,NA,NA
"652",2020-05-02,"Saturday",6.15,"0:51:56",8.45,"2-May",5,2020,NA,NA,NA,NA,NA
"653",2020-05-04,"Monday",6.15,"0:52:06",8.46666666666667,"4-May",5,2020,NA,NA,NA,NA,NA
"654",2020-05-07,"Thursday",6.17,"0:52:02",8.43333333333333,"7-May",5,2020,NA,NA,NA,NA,NA
"655",2020-05-13,"Wednesday",6.16,"0:51:06",8.3,"13-May",5,2020,NA,NA,NA,NA,NA
"656",2020-05-16,"Saturday",6.13,"0:52:13",8.51666666666667,"16-May",5,2020,NA,NA,NA,NA,NA
"657",2020-05-19,"Tuesday",6.16,"0:51:33",8.36666666666667,"19-May",5,2020,NA,NA,NA,NA,NA
"658",2020-05-21,"Thursday",6.14,"0:50:48",8.28333333333333,"21-May",5,2020,NA,NA,NA,NA,NA
"659",2020-05-26,"Tuesday",6.15,"0:51:30",8.36666666666667,"26-May",5,2020,NA,NA,NA,NA,NA
"660",2020-05-30,"Saturday",6.13,"0:52:02",8.48333333333333,"30-May",5,2020,NA,NA,NA,NA,NA
"661",2020-06-02,"Tuesday",6.17,"0:51:37",8.36666666666667,"2-Jun",6,2020,NA,NA,NA,NA,NA
"662",2020-06-07,"Sunday",6.15,"0:52:12",8.48333333333333,"7-Jun",6,2020,NA,NA,NA,NA,NA
"663",2020-06-09,"Tuesday",5.23,"0:44:33",8.51666666666667,"9-Jun",6,2020,NA,NA,NA,NA,NA
"664",2020-06-13,"Saturday",6.16,"0:51:12",8.31666666666667,"13-Jun",6,2020,NA,NA,NA,NA,NA
"665",2020-06-17,"Wednesday",6.16,"0:52:10",8.46666666666667,"17-Jun",6,2020,NA,NA,NA,NA,NA
"666",2020-06-20,"Saturday",6.13,"0:51:51",8.45,"20-Jun",6,2020,NA,NA,NA,NA,NA
"667",2020-06-23,"Tuesday",6.14,"0:51:43",8.43333333333333,"23-Jun",6,2020,NA,NA,NA,NA,NA
"668",2020-06-27,"Saturday",6.14,"0:52:09",8.5,"27-Jun",6,2020,NA,NA,NA,NA,NA
"669",2020-06-29,"Monday",6.13,"0:51:50",8.45,"29-Jun",6,2020,NA,NA,NA,NA,NA
"670",2020-07-04,"Saturday",6.15,"0:52:17",8.5,"4-Jul",7,2020,NA,NA,NA,NA,NA
"671",2020-07-07,"Tuesday",6.15,"0:52:00",8.45,"7-Jul",7,2020,NA,NA,NA,NA,NA
"672",2020-07-11,"Saturday",6.25,"0:54:00",8.63333333333333,"11-Jul",7,2020,NA,NA,NA,NA,NA
"673",2020-07-13,"Monday",6.04,"0:51:14",8.48333333333333,"13-Jul",7,2020,NA,NA,NA,NA,NA
"674",2020-07-19,"Sunday",6.15,"0:52:24",8.51666666666667,"19-Jul",7,2020,NA,NA,NA,NA,NA
"675",2020-07-23,"Thursday",6.15,"0:53:28",8.7,"23-Jul",7,2020,NA,NA,NA,NA,NA
"676",2020-07-25,"Saturday",6.15,"0:51:41",8.4,"25-Jul",7,2020,NA,NA,NA,NA,NA
"677",2020-07-28,"Tuesday",6.15,"0:52:42",8.56666666666667,"28-Jul",7,2020,NA,NA,NA,NA,NA
"678",2020-08-01,"Saturday",6.18,"0:52:02",8.41666666666667,"1-Aug",8,2020,NA,NA,NA,NA,NA
"679",2020-08-05,"Wednesday",6.36,"0:53:38",8.43333333333333,"5-Aug",8,2020,NA,NA,NA,NA,NA
"680",2020-08-08,"Saturday",6.13,"0:51:58",8.46666666666667,"8-Aug",8,2020,NA,NA,NA,NA,NA
"681",2020-08-11,"Tuesday",6.13,"0:51:32",8.4,"11-Aug",8,2020,NA,NA,NA,NA,NA
"682",2020-08-15,"Saturday",6.12,"0:53:09",8.68333333333333,"15-Aug",8,2020,NA,NA,NA,NA,NA
"683",2020-08-18,"Tuesday",6.16,"0:52:58",8.6,"18-Aug",8,2020,NA,NA,NA,NA,NA
"684",2020-08-22,"Saturday",5.99,"0:50:29",8.43333333333333,"22-Aug",8,2020,NA,NA,NA,NA,NA
"685",2020-08-25,"Tuesday",6.19,"0:51:28",8.31666666666667,"25-Aug",8,2020,NA,NA,NA,NA,NA
"686",2020-08-28,"Friday",6.14,"0:51:20",8.35,"28-Aug",8,2020,NA,NA,NA,NA,NA
"687",2020-08-31,"Monday",6.14,"0:51:16",8.35,"31-Aug",8,2020,NA,NA,NA,NA,NA
"688",2020-09-05,"Saturday",6.12,"0:51:14",8.36666666666667,"5-Sep",9,2020,NA,NA,NA,NA,NA
"689",2020-09-08,"Tuesday",6.14,"0:51:52",8.45,"8-Sep",9,2020,NA,NA,NA,NA,NA
"690",2020-09-12,"Saturday",6.16,"0:51:17",8.33333333333333,"12-Sep",9,2020,NA,NA,NA,NA,NA
"691",2020-09-15,"Tuesday",6.15,"0:52:20",8.5,"15-Sep",9,2020,NA,NA,NA,NA,NA
"692",2020-09-22,"Tuesday",6.14,"0:52:12",8.5,"22-Sep",9,2020,NA,NA,NA,NA,NA
"693",2020-10-03,"Saturday",6.03,"0:51:36",8.56666666666667,"3-Oct",10,2020,NA,NA,NA,NA,NA
"694",2020-10-06,"Tuesday",6.14,"0:52:16",8.5,"6-Oct",10,2020,NA,NA,NA,NA,NA
"695",2020-10-10,"Saturday",6.15,"0:52:47",8.58333333333333,"10-Oct",10,2020,NA,NA,NA,NA,NA
"696",2020-10-14,"Wednesday",6.16,"0:52:00",8.45,"14-Oct",10,2020,NA,NA,NA,NA,NA
"697",2020-10-20,"Tuesday",6.14,"0:51:47",8.43333333333333,"20-Oct",10,2020,NA,NA,NA,NA,NA
"698",2020-10-31,"Saturday",6.37,"0:53:43",8.43333333333333,"31-Oct",10,2020,NA,NA,NA,NA,NA
"699",2020-11-04,"Wednesday",6.14,"0:52:16",8.51666666666667,"4-Nov",11,2020,NA,NA,NA,NA,NA
"700",2020-11-07,"Saturday",5.89,"0:51:03",8.66666666666667,"7-Nov",11,2020,NA,NA,NA,NA,NA
"701",2020-11-10,"Tuesday",6.16,"0:53:34",8.7,"10-Nov",11,2020,NA,NA,NA,NA,NA
"702",2020-11-20,"Friday",3.49,"0:29:48",8.51666666666667,"20-Nov",11,2020,NA,NA,NA,NA,NA
"703",2020-11-26,"Thursday",6.15,"0:53:23",8.68333333333333,"26-Nov",11,2020,NA,NA,NA,NA,NA
"704",2020-12-01,"Tuesday",6.15,"0:50:38",8.23333333333333,"1-Dec",12,2020,NA,NA,NA,NA,NA
"705",2020-12-11,"Friday",6.37,"0:54:02",8.51666666666667,"11-Dec",12,2020,NA,NA,NA,NA,NA
"706",2020-12-21,"Monday",6.34,"0:54:02",8.51666666666667,"21-Dec",12,2020,NA,NA,NA,NA,NA
"707",2020-12-24,"Thursday",7.23,"1:01:52",8.56666666666667,"24-Dec",12,2020,NA,NA,NA,NA,NA
"708",2020-12-28,"Monday",6.1,"0:51:54",8.5,"28-Dec",12,2020,NA,NA,NA,NA,NA
"709",2021-01-04,"Monday",4.68,"0:39:40",8.48333333333333,"4-Jan",1,2021,NA,NA,NA,NA,NA
"710",2021-01-14,"Thursday",4.97,"0:42:47",8.6,"14-Jan",1,2021,NA,NA,NA,NA,NA
"711",2021-01-19,"Tuesday",4.82,"0:42:32",8.81666666666667,"19-Jan",1,2021,NA,NA,NA,NA,NA
"712",2021-01-30,"Saturday",4.98,"0:42:30",8.53333333333333,"30-Jan",1,2021,NA,NA,NA,NA,NA
"713",2021-02-06,"Saturday",4.82,"0:41:57",8.7,"6-Feb",2,2021,NA,NA,NA,NA,NA
"714",2021-02-16,"Tuesday",4.98,"0:43:25",8.71666666666667,"16-Feb",2,2021,NA,NA,NA,NA,NA
"715",2021-02-24,"Wednesday",4.95,"0:42:23",8.56666666666667,"24-Feb",2,2021,NA,NA,NA,NA,NA
"716",2021-03-09,"Tuesday",4.93,"0:42:13",8.56666666666667,"9-Mar",3,2021,NA,NA,NA,NA,NA
"717",2021-03-17,"Wednesday",4.93,"0:42:03",8.53333333333333,"17-Mar",3,2021,NA,NA,NA,NA,NA
"718",2021-03-22,"Monday",4.96,"0:41:43",8.41666666666667,"22-Mar",3,2021,NA,NA,NA,NA,NA
"719",2021-03-30,"Tuesday",4.96,"0:42:07",8.48333333333333,"30-Mar",3,2021,NA,NA,NA,NA,NA
"720",2021-04-13,"Tuesday",4.86,"0:41:53",8.61666666666667,"13-Apr",4,2021,NA,NA,NA,NA,NA
"721",2021-04-20,"Tuesday",4.97,"0:42:01",8.45,"20-Apr",4,2021,NA,NA,NA,NA,NA
"722",2021-04-27,"Tuesday",4.98,"0:42:26",8.51666666666667,"27-Apr",4,2021,NA,NA,NA,NA,NA
"723",2021-05-04,"Tuesday",4.99,"0:42:26",8.51666666666667,"4-May",5,2021,NA,NA,NA,NA,NA
"724",2021-05-11,"Tuesday",6.11,"0:52:19",8.56666666666667,"11-May",5,2021,NA,NA,NA,NA,NA
"725",2021-05-18,"Tuesday",4.97,"0:43:10",8.68333333333333,"18-May",5,2021,NA,NA,NA,NA,NA
"726",2021-05-27,"Thursday",4.72,"0:41:12",8.71666666666667,"27-May",5,2021,NA,NA,NA,NA,NA
"727",2021-06-01,"Tuesday",4.97,"0:42:44",8.6,"1-Jun",6,2021,NA,NA,NA,NA,NA
"728",2021-06-12,"Saturday",6.11,"0:52:54",8.66666666666667,"12-Jun",6,2021,NA,NA,NA,NA,NA
"729",2021-06-15,"Tuesday",4.96,"0:42:08",8.5,"15-Jun",6,2021,NA,NA,NA,NA,NA
"730",2021-06-24,"Thursday",6.53,"0:59:52",9.16666666666667,"24-Jun",6,2021,NA,NA,NA,NA,NA
"731",2021-07-02,"Friday",6.05,"0:52:19",8.65,"2-Jul",7,2021,NA,NA,NA,NA,NA
"732",2021-07-08,"Thursday",5.55,"0:46:46",8.43333333333333,"8-Jul",7,2021,NA,NA,NA,NA,NA
"733",2021-07-17,"Saturday",3.47,"0:30:48",8.88333333333333,"17-Jul",7,2021,NA,NA,NA,NA,NA
"734",2021-07-24,"Saturday",4.98,"0:43:24",8.71666666666667,"24-Jul",7,2021,NA,NA,NA,NA,NA
"735",2021-08-04,"Wednesday",4.8,"0:43:53",9.13333333333333,"4-Aug",8,2021,NA,NA,NA,NA,NA
"736",2021-08-08,"Sunday",4.92,"0:43:56",8.93333333333333,"8-Aug",8,2021,NA,NA,NA,NA,NA
"737",2021-08-15,"Sunday",4.92,"0:43:13",8.78333333333333,"15-Aug",8,2021,NA,NA,NA,NA,NA
"738",2021-08-21,"Saturday",4.79,"0:42:38",8.9,"21-Aug",8,2021,NA,NA,NA,NA,NA
"739",2021-08-30,"Monday",4.85,"0:43:23",8.95,"30-Aug",8,2021,NA,NA,NA,NA,NA
"740",2021-09-06,"Monday",4.96,"0:43:09",8.7,"6-Sep",9,2021,NA,NA,NA,NA,NA
"741",2021-09-10,"Friday",4.79,"0:42:07",8.8,"10-Sep",9,2021,NA,NA,NA,NA,NA
"742",2021-09-18,"Saturday",4.93,"0:43:16",8.76666666666667,"18-Sep",9,2021,NA,NA,NA,NA,NA
"743",2021-09-25,"Saturday",4.72,"0:40:29",8.58333333333333,"25-Sep",9,2021,NA,NA,NA,NA,NA
"744",2021-09-30,"Thursday",4.97,"0:42:06",8.48333333333333,"30-Sep",9,2021,NA,NA,NA,NA,NA
"745",2021-10-08,"Friday",4.94,"0:43:05",8.73333333333333,"8-Oct",10,2021,NA,NA,NA,NA,NA
"746",2021-10-18,"Monday",4.95,"0:42:36",8.6,"18-Oct",10,2021,NA,NA,NA,NA,NA
"747",2021-11-25,"Thursday",4.96,"0:43:27",8.76666666666667,"25-Nov",11,2021,NA,NA,NA,NA,NA
"748",2021-12-03,"Friday",4.97,"0:43:11",8.75,"3-Dec",12,2021,NA,NA,NA,NA,NA
"749",2021-12-10,"Friday",4.96,"0:43:11",8.7,"10-Dec",12,2021,NA,NA,NA,NA,NA
"750",2021-12-17,"Friday",4.93,"0:42:07",8.55,"17-Dec",12,2021,NA,NA,NA,NA,NA
"751",2021-12-24,"Friday",4.89,"0:41:42",8.53333333333333,"24-Dec",12,2021,NA,NA,NA,NA,NA
"752",2021-12-30,"Thursday",4.97,"0:43:26",8.75,"30-Dec",12,2021,NA,NA,NA,NA,NA
"753",2022-01-13,"Thursday",4.65,"0:40:45",8.76666666666667,"13-Jan",1,2022,NA,NA,NA,NA,NA
"754",2022-01-28,"Friday",5,"0:42:23",8.46666666666667,"28-Jan",1,2022,NA,NA,NA,NA,NA
"755",2022-02-11,"Friday",4.93,"0:41:23",8.4,"11-Feb",2,2022,NA,NA,NA,NA,NA
"756",2022-02-18,"Friday",4.94,"0:41:17",8.36666666666667,"18-Feb",2,2022,NA,NA,NA,NA,NA
"757",2022-02-23,"Wednesday",4.69,"0:39:30",8.43333333333333,"23-Feb",2,2022,NA,NA,NA,NA,NA
"758",2022-03-06,"Sunday",5.01,"0:44:16",8.83333333333333,"6-Mar",3,2022,NA,NA,NA,NA,NA
