"","Date","Day.of.week","distance","Time","Pace","MD","Month","Year","STATION","NAME","TMAX","TMIN","Avg.Temp"
"1",2009-05-23,"Saturday",5.01,"0:34:55",6.96666666666667,"23-May",5,2009,"USC00367938","SELLERSVILLE, PA US",83,46,68
"2",2009-06-17,"Wednesday",5.46,"0:58:05",10.6333333333333,"17-Jun",6,2009,"USC00367938","SELLERSVILLE, PA US",68,52,56
"3",2009-06-25,"Thursday",4.48,"0:45:39",10.1833333333333,"25-Jun",6,2009,"USC00367938","SELLERSVILLE, PA US",82,66,68
"4",2009-07-04,"Saturday",4.69,"0:49:11",10.4833333333333,"4-Jul",7,2009,"USC00367938","SELLERSVILLE, PA US",77,58,69
"5",2009-07-11,"Saturday",4.83,"0:51:35",10.6833333333333,"11-Jul",7,2009,"USC00367938","SELLERSVILLE, PA US",80,58,69
"6",2009-07-18,"Saturday",4.84,"0:50:48",10.5,"18-Jul",7,2009,"USC00367938","SELLERSVILLE, PA US",84,63,65
"7",2009-08-14,"Friday",4.83,"0:51:05",10.5833333333333,"14-Aug",8,2009,"USC00367938","SELLERSVILLE, PA US",77,63,63
"8",2009-08-26,"Wednesday",6.01,"1:02:10",10.35,"26-Aug",8,2009,"USC00367938","SELLERSVILLE, PA US",83,63,68
"9",2009-08-30,"Sunday",5,"0:53:39",10.7333333333333,"30-Aug",8,2009,"USC00367938","SELLERSVILLE, PA US",81,65,66
"10",2009-09-06,"Sunday",5.21,"0:53:53",10.35,"6-Sep",9,2009,"USC00367938","SELLERSVILLE, PA US",83,57,67
"11",2009-09-22,"Tuesday",6,"0:59:04",9.85,"22-Sep",9,2009,"USC00367938","SELLERSVILLE, PA US",75,48,59
"12",2009-09-26,"Saturday",6.01,"0:59:34",9.91666666666667,"26-Sep",9,2009,"USC00367938","SELLERSVILLE, PA US",72,46,49
"13",2009-10-03,"Saturday",5.88,"0:59:57",10.2,"3-Oct",10,2009,"USC00367938","SELLERSVILLE, PA US",64,43,60
"14",2009-10-11,"Sunday",5.96,"1:01:31",10.3166666666667,"11-Oct",10,2009,"USC00367938","SELLERSVILLE, PA US",63,36,37
"15",2009-10-18,"Sunday",5.72,"0:58:24",10.2166666666667,"18-Oct",10,2009,"USC00367938","SELLERSVILLE, PA US",46,39,41
"16",2009-10-30,"Friday",5.64,"0:57:21",10.1666666666667,"30-Oct",10,2009,"USC00367938","SELLERSVILLE, PA US",59,48,50
"17",2010-01-28,"Thursday",6.03,"1:00:51",10.0833333333333,"28-Jan",1,2010,"USC00367938","SELLERSVILLE, PA US",36,21,28
"18",2010-02-18,"Thursday",6.06,"1:00:21",9.96666666666667,"18-Feb",2,2010,"USC00367938","SELLERSVILLE, PA US",34,16,32
"19",2010-02-27,"Saturday",6.19,"1:01:46",9.98333333333333,"27-Feb",2,2010,"USC00367938","SELLERSVILLE, PA US",35,19,26
"20",2010-03-07,"Sunday",6.06,"1:02:37",10.3333333333333,"7-Mar",3,2010,"USC00367938","SELLERSVILLE, PA US",51,22,27
"21",2010-03-21,"Sunday",5.92,"1:02:02",10.4833333333333,"21-Mar",3,2010,"USC00367938","SELLERSVILLE, PA US",74,35,43
"22",2010-03-28,"Sunday",5.99,"0:59:19",9.9,"28-Mar",3,2010,"USC00367938","SELLERSVILLE, PA US",46,26,30
"23",2010-04-03,"Saturday",6,"0:54:18",9.05,"3-Apr",4,2010,"USC00367938","SELLERSVILLE, PA US",74,42,57
"24",2010-04-11,"Sunday",6.2,"1:00:48",9.8,"11-Apr",4,2010,"USC00367938","SELLERSVILLE, PA US",60,35,37
"25",2010-04-18,"Sunday",6.21,"0:58:01",9.35,"18-Apr",4,2010,"USC00367938","SELLERSVILLE, PA US",55,33,34
"26",2010-04-24,"Saturday",6.11,"0:55:02",9,"24-Apr",4,2010,"USC00367938","SELLERSVILLE, PA US",71,34,55
"27",2010-05-04,"Tuesday",5.16,"0:46:08",8.93333333333333,"4-May",5,2010,"USC00367938","SELLERSVILLE, PA US",81,58,59
"28",2010-05-07,"Friday",6.01,"0:56:27",9.4,"7-May",5,2010,"USC00367938","SELLERSVILLE, PA US",75,43,53
"29",2010-05-31,"Monday",6.24,"0:58:28",9.36666666666667,"31-May",5,2010,"USC00367938","SELLERSVILLE, PA US",85,59,76
"30",2010-06-13,"Sunday",6,"0:57:33",9.58333333333333,"13-Jun",6,2010,"USC00367938","SELLERSVILLE, PA US",86,62,69
"31",2010-06-18,"Friday",6.09,"0:58:19",9.58333333333333,"18-Jun",6,2010,"USC00367938","SELLERSVILLE, PA US",75,53,67
"32",2010-07-04,"Sunday",5.43,"0:51:32",9.48333333333333,"4-Jul",7,2010,"USC00367938","SELLERSVILLE, PA US",88,53,58
"33",2010-12-12,"Sunday",6.49,"1:06:28",10.2333333333333,"12-Dec",12,2010,"USC00367938","SELLERSVILLE, PA US",52,22,50
"34",2010-12-19,"Sunday",5.06,"0:51:19",10.1333333333333,"19-Dec",12,2010,"USC00367938","SELLERSVILLE, PA US",33,14,21
"35",2010-12-25,"Saturday",6.51,"1:02:40",9.63333333333333,"25-Dec",12,2010,"USC00367938","SELLERSVILLE, PA US",37,20,23
"36",2011-01-14,"Friday",6.52,"1:04:06",9.83333333333333,"14-Jan",1,2011,"USC00367938","SELLERSVILLE, PA US",26,1,5
"37",2011-01-30,"Sunday",6.51,"1:00:58",9.36666666666667,"30-Jan",1,2011,"USC00367938","SELLERSVILLE, PA US",30,17,21
"38",2011-02-20,"Sunday",6.52,"1:02:52",9.65,"20-Feb",2,2011,"USC00367938","SELLERSVILLE, PA US",41,21,22
"39",2011-03-13,"Sunday",6.54,"1:04:01",9.78333333333333,"13-Mar",3,2011,"USC00367938","SELLERSVILLE, PA US",53,30,44
"40",2011-03-27,"Sunday",6.52,"0:59:05",9.06666666666667,"27-Mar",3,2011,"USC00367938","SELLERSVILLE, PA US",39,19,26
"41",2011-04-10,"Sunday",6.49,"1:00:31",9.31666666666667,"10-Apr",4,2011,"USC00367938","SELLERSVILLE, PA US",59,44,48
"42",2011-05-08,"Sunday",6.53,"1:01:36",9.43333333333333,"8-May",5,2011,"USC00367938","SELLERSVILLE, PA US",69,40,43
"43",2011-05-27,"Friday",6.02,"0:56:51",9.45,"27-May",5,2011,"USC00367938","SELLERSVILLE, PA US",87,61,68
"44",2011-06-05,"Sunday",6.51,"1:00:31",9.3,"5-Jun",6,2011,"USC00367938","SELLERSVILLE, PA US",73,47,57
"45",2011-06-12,"Sunday",6.47,"1:02:40",9.68333333333333,"12-Jun",6,2011,"USC00367938","SELLERSVILLE, PA US",71,60,62
"46",2011-06-19,"Sunday",6.53,"1:04:12",9.83333333333333,"19-Jun",6,2011,"USC00367938","SELLERSVILLE, PA US",84,60,62
"47",2011-07-10,"Sunday",6.54,"1:00:35",9.26666666666667,"10-Jul",7,2011,"USC00367938","SELLERSVILLE, PA US",86,59,69
"48",2011-08-07,"Sunday",6,"0:59:14",9.86666666666667,"7-Aug",8,2011,"USC00367938","SELLERSVILLE, PA US",85,71,74
"49",2011-08-21,"Sunday",6.52,"1:02:47",9.63333333333333,"21-Aug",8,2011,"USC00367938","SELLERSVILLE, PA US",85,58,68
"50",2011-08-26,"Friday",6.04,"0:53:43",8.9,"26-Aug",8,2011,"USC00367938","SELLERSVILLE, PA US",78,65,68
"51",2011-09-04,"Sunday",5.1,"0:47:33",9.31666666666667,"4-Sep",9,2011,"USC00367938","SELLERSVILLE, PA US",81,65,69
"52",2011-09-11,"Sunday",5.13,"0:44:33",8.68333333333333,"11-Sep",9,2011,"USC00367938","SELLERSVILLE, PA US",76,63,64
"53",2011-09-18,"Sunday",5.1,"0:42:27",8.31666666666667,"18-Sep",9,2011,"USC00367938","SELLERSVILLE, PA US",61,42,46
"54",2011-09-25,"Sunday",5.1,"0:44:33",8.73333333333333,"25-Sep",9,2011,"USC00367938","SELLERSVILLE, PA US",75,64,66
"55",2011-10-02,"Sunday",5.28,"0:44:59",8.51666666666667,"2-Oct",10,2011,"USC00367938","SELLERSVILLE, PA US",61,47,48
"56",2011-10-09,"Sunday",5.12,"0:42:51",8.36666666666667,"9-Oct",10,2011,"USC00367938","SELLERSVILLE, PA US",75,44,51
"57",2011-10-16,"Sunday",5.04,"0:44:25",8.81666666666667,"16-Oct",10,2011,"USC00367938","SELLERSVILLE, PA US",63,43,44
"58",2011-10-23,"Sunday",5.18,"0:43:20",8.36666666666667,"23-Oct",10,2011,"USC00367938","SELLERSVILLE, PA US",55,37,41
"59",2011-11-06,"Sunday",5.19,"0:43:26",8.36666666666667,"6-Nov",11,2011,"USC00367938","SELLERSVILLE, PA US",54,24,25
"60",2011-11-13,"Sunday",5,"0:42:30",8.5,"13-Nov",11,2011,"USC00367938","SELLERSVILLE, PA US",57,26,31
"61",2011-11-20,"Sunday",5.19,"0:43:37",8.4,"20-Nov",11,2011,"USC00367938","SELLERSVILLE, PA US",52,34,37
"62",2011-11-25,"Friday",5.19,"0:45:07",8.7,"25-Nov",11,2011,"USC00367938","SELLERSVILLE, PA US",56,30,32
"63",2011-11-27,"Sunday",5.17,"0:42:14",8.16666666666667,"27-Nov",11,2011,"USC00367938","SELLERSVILLE, PA US",66,31,32
"64",2011-12-04,"Sunday",5.01,"0:43:55",8.76666666666667,"4-Dec",12,2011,"USC00367938","SELLERSVILLE, PA US",47,24,31
"65",2011-12-11,"Sunday",5.07,"0:41:39",8.21666666666667,"11-Dec",12,2011,"USC00367938","SELLERSVILLE, PA US",41,18,27
"66",2011-12-18,"Sunday",5.21,"0:43:17",8.3,"18-Dec",12,2011,"USC00367938","SELLERSVILLE, PA US",38,21,26
"67",2011-12-30,"Friday",5,"0:40:19",8.06666666666667,"30-Dec",12,2011,"USC00367938","SELLERSVILLE, PA US",33,21,25
"68",2012-01-02,"Monday",5.17,"0:43:36",8.43333333333333,"2-Jan",1,2012,"USC00367938","SELLERSVILLE, PA US",53,28,33
"69",2012-01-08,"Sunday",5.07,"0:43:14",8.53333333333333,"8-Jan",1,2012,"USC00367938","SELLERSVILLE, PA US",62,26,29
"70",2012-01-15,"Sunday",5.09,"0:43:02",8.45,"15-Jan",1,2012,"USC00367938","SELLERSVILLE, PA US",32,13,14
"71",2012-01-29,"Sunday",5.22,"0:44:49",8.58333333333333,"29-Jan",1,2012,"USC00367938","SELLERSVILLE, PA US",47,30,33
"72",2012-02-19,"Sunday",5.17,"0:44:24",8.58333333333333,"19-Feb",2,2012,"USC00367938","SELLERSVILLE, PA US",51,23,35
"73",2012-02-26,"Sunday",5.21,"0:46:18",8.88333333333333,"26-Feb",2,2012,"USC00367938","SELLERSVILLE, PA US",40,27,31
"74",2012-03-04,"Sunday",5.06,"0:42:42",8.43333333333333,"4-Mar",3,2012,"USC00367938","SELLERSVILLE, PA US",56,33,33
"75",2012-03-11,"Sunday",5.11,"0:43:53",8.58333333333333,"11-Mar",3,2012,"USC00367938","SELLERSVILLE, PA US",42,22,24
"76",2012-03-18,"Sunday",5.04,"0:42:32",8.43333333333333,"18-Mar",3,2012,"USC00367938","SELLERSVILLE, PA US",68,40,45
"77",2012-04-01,"Sunday",5.07,"0:42:18",8.35,"1-Apr",4,2012,"USC00367938","SELLERSVILLE, PA US",42,39,41
"78",2012-04-08,"Sunday",5.08,"0:43:46",8.61666666666667,"8-Apr",4,2012,"USC00367938","SELLERSVILLE, PA US",61,29,44
"79",2012-04-15,"Sunday",5.09,"0:44:32",8.75,"15-Apr",4,2012,"USC00367938","SELLERSVILLE, PA US",70,50,54
"80",2012-04-22,"Sunday",5.17,"0:43:44",8.46666666666667,"22-Apr",4,2012,"USC00367938","SELLERSVILLE, PA US",78,44,46
"81",2012-04-28,"Saturday",5.47,"0:47:38",8.7,"28-Apr",4,2012,"USC00367938","SELLERSVILLE, PA US",61,29,40
"82",2012-05-06,"Sunday",5.09,"0:42:38",8.38333333333333,"6-May",5,2012,"USC00367938","SELLERSVILLE, PA US",81,52,56
"83",2012-05-12,"Saturday",5.06,"0:41:36",8.21666666666667,"12-May",5,2012,"USC00367938","SELLERSVILLE, PA US",70,39,46
"84",2012-05-27,"Sunday",5.94,"1:00:01",10.1,"27-May",5,2012,"USC00367938","SELLERSVILLE, PA US",83,65,68
"85",2012-06-10,"Sunday",5.06,"0:44:50",8.86666666666667,"10-Jun",6,2012,"USC00367938","SELLERSVILLE, PA US",82,62,65
"86",2012-06-17,"Sunday",5.07,"0:41:41",8.21666666666667,"17-Jun",6,2012,"USC00367938","SELLERSVILLE, PA US",78,56,62
"87",2012-07-01,"Sunday",5.03,"0:43:53",8.71666666666667,"1-Jul",7,2012,"USC00367938","SELLERSVILLE, PA US",90,64,73
"88",2012-07-08,"Sunday",4.96,"0:43:53",8.85,"8-Jul",7,2012,"USC00367938","SELLERSVILLE, PA US",98,70,72
"89",2012-07-15,"Sunday",5,"0:43:37",8.71666666666667,"15-Jul",7,2012,"USC00367938","SELLERSVILLE, PA US",80,69,73
"90",2012-07-22,"Sunday",4.98,"0:40:13",8.08333333333333,"22-Jul",7,2012,"USC00367938","SELLERSVILLE, PA US",77,61,68
"91",2012-07-29,"Sunday",5.1,"0:43:00",8.43333333333333,"29-Jul",7,2012,"USC00367938","SELLERSVILLE, PA US",87,66,68
"92",2012-08-05,"Sunday",6.03,"0:53:13",8.83333333333333,"5-Aug",8,2012,"USC00367938","SELLERSVILLE, PA US",89,69,76
"93",2012-08-19,"Sunday",5.19,"0:44:29",8.56666666666667,"19-Aug",8,2012,"USC00367938","SELLERSVILLE, PA US",79,53,55
"94",2012-08-23,"Thursday",5.86,"0:56:53",9.7,"23-Aug",8,2012,"USC00367938","SELLERSVILLE, PA US",84,59,63
"95",2012-09-03,"Monday",4.93,"0:44:55",9.11666666666667,"3-Sep",9,2012,"USC00367938","SELLERSVILLE, PA US",74,59,68
"96",2012-09-16,"Sunday",5.09,"0:42:01",8.25,"16-Sep",9,2012,"USC00367938","SELLERSVILLE, PA US",71,48,48
"97",2012-09-23,"Sunday",5,"0:42:17",8.45,"23-Sep",9,2012,"USC00367938","SELLERSVILLE, PA US",80,48,54
"98",2012-09-30,"Sunday",5,"0:41:52",8.36666666666667,"30-Sep",9,2012,"USC00367938","SELLERSVILLE, PA US",62,42,48
"99",2012-10-07,"Sunday",5.01,"0:44:25",8.86666666666667,"7-Oct",10,2012,"USC00367938","SELLERSVILLE, PA US",71,40,44
"100",2012-10-21,"Sunday",5,"0:41:32",8.3,"21-Oct",10,2012,"USC00367938","SELLERSVILLE, PA US",62,40,43
"101",2012-10-28,"Sunday",5.01,"0:43:46",8.73333333333333,"28-Oct",10,2012,"USC00367938","SELLERSVILLE, PA US",64,51,53
"102",2012-11-04,"Sunday",5.01,"0:41:04",8.2,"4-Nov",11,2012,"USC00367938","SELLERSVILLE, PA US",47,31,39
"103",2012-11-11,"Sunday",5.03,"0:44:24",8.83333333333333,"11-Nov",11,2012,"USC00367938","SELLERSVILLE, PA US",55,31,45
"104",2012-11-23,"Friday",5.03,"0:45:44",9.1,"23-Nov",11,2012,"USC00367938","SELLERSVILLE, PA US",57,24,26
"105",2012-12-02,"Sunday",5.02,"0:42:36",8.48333333333333,"2-Dec",12,2012,"USC00367938","SELLERSVILLE, PA US",42,36,38
"106",2012-12-25,"Tuesday",5.05,"0:42:20",8.38333333333333,"25-Dec",12,2012,"USC00367938","SELLERSVILLE, PA US",37,23,32
"107",2013-01-06,"Sunday",5.01,"0:42:52",8.55,"6-Jan",1,2013,"USC00367938","SELLERSVILLE, PA US",40,25,29
"108",2013-01-13,"Sunday",5.01,"0:42:17",8.43333333333333,"13-Jan",1,2013,"USC00367938","SELLERSVILLE, PA US",49,40,42
"109",2013-01-20,"Sunday",5.03,"0:44:13",8.78333333333333,"20-Jan",1,2013,"USC00367938","SELLERSVILLE, PA US",51,24,41
"110",2013-02-17,"Sunday",5.01,"0:43:44",8.73333333333333,"17-Feb",2,2013,"USC00367938","SELLERSVILLE, PA US",36,20,23
"111",2013-02-24,"Sunday",5.04,"0:42:22",8.4,"24-Feb",2,2013,"USC00367938","SELLERSVILLE, PA US",42,32,35
"112",2013-03-24,"Sunday",5.03,"0:44:14",8.8,"24-Mar",3,2013,"USC00367938","SELLERSVILLE, PA US",46,23,26
"113",2013-03-31,"Sunday",5.02,"0:43:38",8.7,"31-Mar",3,2013,"USC00367938","SELLERSVILLE, PA US",57,25,30
"114",2013-04-14,"Sunday",5,"0:44:34",8.91666666666667,"14-Apr",4,2013,"USC00367938","SELLERSVILLE, PA US",57,36,48
"115",2013-05-05,"Sunday",5,"0:41:24",8.28333333333333,"5-May",5,2013,"USC00367938","SELLERSVILLE, PA US",69,39,47
"116",2013-05-13,"Monday",4.46,"0:34:22",7.7,"13-May",5,2013,"USC00367938","SELLERSVILLE, PA US",63,35,44
"117",2013-05-27,"Monday",5,"0:41:13",8.25,"27-May",5,2013,"USC00367938","SELLERSVILLE, PA US",69,37,45
"118",2013-06-02,"Sunday",5.03,"0:45:56",9.13333333333333,"2-Jun",6,2013,"USC00367938","SELLERSVILLE, PA US",91,62,76
"119",2013-06-23,"Sunday",5.02,"0:45:55",9.15,"23-Jun",6,2013,"USC00367938","SELLERSVILLE, PA US",83,60,73
"120",2013-06-30,"Sunday",5,"0:46:04",9.21666666666667,"30-Jun",6,2013,"USC00367938","SELLERSVILLE, PA US",85,66,72
"121",2013-07-14,"Sunday",5.01,"0:44:52",8.95,"14-Jul",7,2013,"USC00367938","SELLERSVILLE, PA US",85,69,75
"122",2013-08-04,"Sunday",5.02,"0:45:34",9.08333333333333,"4-Aug",8,2013,"USC00367938","SELLERSVILLE, PA US",74,57,62
"123",2013-08-11,"Sunday",5.03,"0:45:57",9.13333333333333,"11-Aug",8,2013,"USC00367938","SELLERSVILLE, PA US",82,58,67
"124",2013-08-18,"Sunday",5.01,"0:39:50",7.95,"18-Aug",8,2013,"USC00367938","SELLERSVILLE, PA US",80,56,64
"125",2013-08-23,"Friday",4.57,"1:02:33",13.6833333333333,"23-Aug",8,2013,"USC00367938","SELLERSVILLE, PA US",80,63,65
"126",2013-08-25,"Sunday",5.01,"0:46:10",9.21666666666667,"25-Aug",8,2013,"USC00367938","SELLERSVILLE, PA US",78,50,52
"127",2013-09-01,"Sunday",5,"0:45:02",9,"1-Sep",9,2013,"USC00367938","SELLERSVILLE, PA US",85,67,71
"128",2013-09-08,"Sunday",5.02,"0:45:22",9.03333333333333,"8-Sep",9,2013,"USC00367938","SELLERSVILLE, PA US",77,45,59
"129",2013-09-15,"Sunday",5.03,"0:44:01",8.75,"15-Sep",9,2013,"USC00367938","SELLERSVILLE, PA US",61,40,45
"130",2013-09-22,"Sunday",5.04,"0:45:17",8.98333333333333,"22-Sep",9,2013,"USC00367938","SELLERSVILLE, PA US",77,50,56
"131",2013-11-03,"Sunday",5,"0:45:06",9.01666666666667,"3-Nov",11,2013,"USC00367938","SELLERSVILLE, PA US",65,38,44
"132",2013-11-10,"Sunday",5.03,"0:45:18",9,"10-Nov",11,2013,"USC00367938","SELLERSVILLE, PA US",48,27,43
"133",2013-11-17,"Sunday",5.02,"0:45:08",8.98333333333333,"17-Nov",11,2013,"USC00367938","SELLERSVILLE, PA US",58,26,49
"134",2013-12-01,"Sunday",5.02,"0:44:12",8.8,"1-Dec",12,2013,"USC00367938","SELLERSVILLE, PA US",36,16,24
"135",2013-12-22,"Sunday",5.03,"0:44:44",8.9,"22-Dec",12,2013,"USC00367938","SELLERSVILLE, PA US",65,32,64
"136",2014-01-12,"Sunday",5.02,"0:45:53",9.13333333333333,"12-Jan",1,2014,"USC00367938","SELLERSVILLE, PA US",59,31,39
"137",2014-03-09,"Sunday",5,"0:42:21",8.46666666666667,"9-Mar",3,2014,"USC00367938","SELLERSVILLE, PA US",38,18,22
"138",2014-03-23,"Sunday",5,"0:45:21",9.06666666666667,"23-Mar",3,2014,"USC00367938","SELLERSVILLE, PA US",63,34,36
"139",2014-04-06,"Sunday",5.02,"0:45:21",9.03333333333333,"6-Apr",4,2014,"USC00367938","SELLERSVILLE, PA US",50,25,40
"140",2014-04-13,"Sunday",5.05,"0:46:59",9.3,"13-Apr",4,2014,"USC00367938","SELLERSVILLE, PA US",71,46,53
"141",2014-04-27,"Sunday",5.02,"0:44:21",8.83333333333333,"27-Apr",4,2014,"USC00367938","SELLERSVILLE, PA US",61,32,38
"142",2014-05-11,"Sunday",6.51,"1:00:02",9.21666666666667,"11-May",5,2014,"USC00367938","SELLERSVILLE, PA US",81,43,65
"143",2014-05-18,"Sunday",6.5,"0:58:19",8.96666666666667,"18-May",5,2014,"USC00367938","SELLERSVILLE, PA US",65,40,49
"144",2014-05-25,"Sunday",6.51,"0:59:32",9.15,"25-May",5,2014,"USC00367938","SELLERSVILLE, PA US",73,46,54
"145",2014-06-01,"Sunday",6.5,"0:58:49",9.05,"1-Jun",6,2014,"USC00367938","SELLERSVILLE, PA US",75,46,60
"146",2014-06-08,"Sunday",6.5,"0:58:25",8.98333333333333,"8-Jun",6,2014,"USC00367938","SELLERSVILLE, PA US",81,50,58
"147",2014-06-15,"Sunday",6.5,"0:58:28",9,"15-Jun",6,2014,"USC00367938","SELLERSVILLE, PA US",70,48,59
"148",2014-06-22,"Sunday",6.53,"0:59:49",9.16666666666667,"22-Jun",6,2014,"USC00367938","SELLERSVILLE, PA US",78,57,65
"149",2014-06-29,"Sunday",6.5,"1:00:01",9.23333333333333,"29-Jun",6,2014,"USC00367938","SELLERSVILLE, PA US",84,62,69
"150",2014-07-06,"Sunday",6.54,"0:58:29",8.95,"6-Jul",7,2014,"USC00367938","SELLERSVILLE, PA US",80,54,63
"151",2014-08-02,"Saturday",6.5,"0:59:13",9.11666666666667,"2-Aug",8,2014,"USC00367938","SELLERSVILLE, PA US",79,63,63
"152",2014-08-10,"Sunday",6.5,"0:58:31",9,"10-Aug",8,2014,"USC00367938","SELLERSVILLE, PA US",83,55,66
"153",2014-08-17,"Sunday",6.5,"1:00:09",9.25,"17-Aug",8,2014,"USC00367938","SELLERSVILLE, PA US",77,53,59
"154",2014-08-24,"Sunday",6.5,"0:57:01",8.76666666666667,"24-Aug",8,2014,"USC00367938","SELLERSVILLE, PA US",71,58,59
"155",2014-08-30,"Saturday",6.51,"0:58:20",8.96666666666667,"30-Aug",8,2014,"USC00367938","SELLERSVILLE, PA US",81,59,64
"156",2014-09-05,"Friday",5,"0:44:55",8.98333333333333,"5-Sep",9,2014,"USC00367938","SELLERSVILLE, PA US",87,60,67
"157",2014-09-21,"Sunday",5,"0:45:13",9.05,"21-Sep",9,2014,"USC00367938","SELLERSVILLE, PA US",76,57,63
"158",2014-09-28,"Sunday",5.04,"0:42:48",8.5,"28-Sep",9,2014,"USC00367938","SELLERSVILLE, PA US",82,49,58
"159",2014-10-12,"Sunday",5.05,"0:42:53",8.5,"12-Oct",10,2014,"USC00367938","SELLERSVILLE, PA US",52,35,42
"160",2014-10-19,"Sunday",5.02,"0:44:13",8.8,"19-Oct",10,2014,"USC00367938","SELLERSVILLE, PA US",66,46,46
"161",2014-10-26,"Sunday",5.03,"0:43:02",8.55,"26-Oct",10,2014,"USC00367938","SELLERSVILLE, PA US",67,35,50
"162",2014-11-02,"Sunday",5,"0:42:50",8.56666666666667,"2-Nov",11,2014,"USC00367938","SELLERSVILLE, PA US",46,39,40
"163",2014-11-09,"Sunday",5.01,"0:43:54",8.76666666666667,"9-Nov",11,2014,"USC00367938","SELLERSVILLE, PA US",47,34,36
"164",2014-11-16,"Sunday",5,"0:45:12",9.03333333333333,"16-Nov",11,2014,"USC00367938","SELLERSVILLE, PA US",41,22,28
"165",2014-11-23,"Sunday",5.01,"0:45:00",8.98333333333333,"23-Nov",11,2014,"USC00367938","SELLERSVILLE, PA US",42,24,37
"166",2014-11-30,"Sunday",5,"0:43:56",8.78333333333333,"30-Nov",11,2014,"USC00367938","SELLERSVILLE, PA US",32,18,30
"167",2014-12-21,"Sunday",5.01,"0:42:48",8.55,"21-Dec",12,2014,"USC00367938","SELLERSVILLE, PA US",33,27,28
"168",2014-12-25,"Thursday",5.03,"0:42:13",8.4,"25-Dec",12,2014,"USC00367938","SELLERSVILLE, PA US",62,44,46
"169",2014-12-31,"Wednesday",5.02,"0:44:11",8.8,"31-Dec",12,2014,"USC00367938","SELLERSVILLE, PA US",34,14,22
"170",2015-01-04,"Sunday",5.03,"0:44:27",8.83333333333333,"4-Jan",1,2015,"USC00367938","SELLERSVILLE, PA US",37,25,37
"171",2015-01-11,"Sunday",5,"0:42:58",8.6,"11-Jan",1,2015,"USC00367938","SELLERSVILLE, PA US",19,5,9
"172",2015-01-25,"Sunday",5.02,"0:42:22",8.43333333333333,"25-Jan",1,2015,"USC00367938","SELLERSVILLE, PA US",37,28,33
"173",2015-02-08,"Sunday",5.02,"0:42:48",8.53333333333333,"8-Feb",2,2015,"USC00367938","SELLERSVILLE, PA US",41,20,31
"174",2015-02-14,"Saturday",5,"0:42:06",8.41666666666667,"14-Feb",2,2015,"USC00367938","SELLERSVILLE, PA US",20,5,18
"175",2015-02-22,"Sunday",5.02,"0:41:14",8.21666666666667,"22-Feb",2,2015,"USC00367938","SELLERSVILLE, PA US",29,-1,29
"176",2015-03-01,"Sunday",5.01,"0:41:08",8.21666666666667,"1-Mar",3,2015,"USC00367938","SELLERSVILLE, PA US",28,8,19
"177",2015-03-15,"Sunday",5.03,"0:43:23",8.61666666666667,"15-Mar",3,2015,"USC00367938","SELLERSVILLE, PA US",44,34,40
"178",2015-03-22,"Sunday",5.02,"0:42:51",8.53333333333333,"22-Mar",3,2015,"USC00367938","SELLERSVILLE, PA US",47,30,33
"179",2015-03-29,"Sunday",5.01,"0:42:39",8.51666666666667,"29-Mar",3,2015,"USC00367938","SELLERSVILLE, PA US",37,21,24
"180",2015-04-26,"Sunday",5.01,"0:43:53",8.76666666666667,"26-Apr",4,2015,"USC00367938","SELLERSVILLE, PA US",57,34,43
"181",2015-05-24,"Sunday",6,"0:51:32",8.58333333333333,"24-May",5,2015,"USC00367938","SELLERSVILLE, PA US",68,39,45
"182",2015-06-03,"Wednesday",5,"0:42:06",8.41666666666667,"3-Jun",6,2015,"USC00367938","SELLERSVILLE, PA US",54,49,52
"183",2015-06-07,"Sunday",6.01,"0:51:02",8.48333333333333,"7-Jun",6,2015,"USC00367938","SELLERSVILLE, PA US",80,45,55
"184",2015-06-14,"Sunday",6.25,"0:55:26",8.86666666666667,"14-Jun",6,2015,"USC00367938","SELLERSVILLE, PA US",90,63,70
"185",2015-06-21,"Sunday",6.02,"0:50:45",8.43333333333333,"21-Jun",6,2015,"USC00367938","SELLERSVILLE, PA US",79,65,68
"186",2015-07-01,"Wednesday",5.04,"0:42:11",8.36666666666667,"1-Jul",7,2015,"USC00367938","SELLERSVILLE, PA US",81,64,66
"187",2015-07-05,"Sunday",6.09,"0:51:04",8.38333333333333,"5-Jul",7,2015,"USC00367938","SELLERSVILLE, PA US",79,61,64
"188",2015-07-12,"Sunday",6.03,"0:50:42",8.4,"12-Jul",7,2015,"USC00367938","SELLERSVILLE, PA US",84,59,65
"189",2015-07-16,"Thursday",5.02,"0:40:21",8.03333333333333,"16-Jul",7,2015,"USC00367938","SELLERSVILLE, PA US",81,57,62
"190",2015-07-17,"Friday",5.01,"0:41:49",8.35,"17-Jul",7,2015,"USC00367938","SELLERSVILLE, PA US",79,58,64
"191",2015-07-19,"Sunday",6.02,"0:52:24",8.7,"19-Jul",7,2015,"USC00367938","SELLERSVILLE, PA US",85,60,73
"192",2015-07-26,"Sunday",6.18,"0:57:26",9.3,"26-Jul",7,2015,"USC00367938","SELLERSVILLE, PA US",85,60,70
"193",2015-08-02,"Sunday",5.01,"0:41:02",8.18333333333333,"2-Aug",8,2015,"USC00367938","SELLERSVILLE, PA US",86,59,61
"194",2015-08-06,"Thursday",5.02,"0:44:20",8.83333333333333,"6-Aug",8,2015,"USC00367938","SELLERSVILLE, PA US",84,56,66
"195",2015-08-09,"Sunday",6,"0:51:48",8.63333333333333,"9-Aug",8,2015,"USC00367938","SELLERSVILLE, PA US",82,60,66
"196",2015-08-16,"Sunday",6.04,"0:52:09",8.63333333333333,"16-Aug",8,2015,"USC00367938","SELLERSVILLE, PA US",89,62,63
"197",2015-08-23,"Sunday",6.08,"0:51:01",8.38333333333333,"23-Aug",8,2015,"USC00367938","SELLERSVILLE, PA US",80,53,56
"198",2015-08-30,"Sunday",6,"0:52:47",8.8,"30-Aug",8,2015,"USC00367938","SELLERSVILLE, PA US",84,56,60
"199",2015-09-06,"Sunday",6,"0:51:07",8.51666666666667,"6-Sep",9,2015,"USC00367938","SELLERSVILLE, PA US",86,44,54
"200",2015-09-13,"Sunday",6,"0:51:39",8.61666666666667,"13-Sep",9,2015,"USC00367938","SELLERSVILLE, PA US",72,57,58
"201",2015-09-27,"Sunday",6.02,"0:51:08",8.5,"27-Sep",9,2015,"USC00367938","SELLERSVILLE, PA US",73,47,50
"202",2015-10-04,"Sunday",6.02,"0:51:27",8.55,"4-Oct",10,2015,"USC00367938","SELLERSVILLE, PA US",52,46,50
"203",2015-10-18,"Sunday",5,"0:41:07",8.21666666666667,"18-Oct",10,2015,"USC00367938","SELLERSVILLE, PA US",61,26,28
"204",2015-10-25,"Sunday",6.02,"0:51:01",8.46666666666667,"25-Oct",10,2015,"USC00367938","SELLERSVILLE, PA US",56,35,51
"205",2015-11-01,"Sunday",6.02,"0:51:19",8.51666666666667,"1-Nov",11,2015,"USC00367938","SELLERSVILLE, PA US",56,30,34
"206",2015-11-08,"Sunday",6,"0:51:13",8.53333333333333,"8-Nov",11,2015,"USC00367938","SELLERSVILLE, PA US",60,32,39
"207",2015-11-22,"Sunday",6.01,"0:48:51",8.13333333333333,"22-Nov",11,2015,"USC00367938","SELLERSVILLE, PA US",51,30,45
"208",2015-11-26,"Thursday",6.02,"0:51:28",8.55,"26-Nov",11,2015,"USC00367938","SELLERSVILLE, PA US",48,20,27
"209",2015-12-06,"Sunday",6,"0:50:33",8.43333333333333,"6-Dec",12,2015,"USC00367938","SELLERSVILLE, PA US",49,18,20
"210",2015-12-13,"Sunday",6.01,"0:50:06",8.33333333333333,"13-Dec",12,2015,"USC00367938","SELLERSVILLE, PA US",62,37,45
"211",2015-12-23,"Wednesday",6,"0:52:14",8.7,"23-Dec",12,2015,"USC00367938","SELLERSVILLE, PA US",56,31,52
"212",2015-12-25,"Friday",4.95,"0:42:23",8.56666666666667,"25-Dec",12,2015,"USC00367938","SELLERSVILLE, PA US",69,50,57
"213",2015-12-27,"Sunday",6.01,"0:49:43",8.26666666666667,"27-Dec",12,2015,"USC00367938","SELLERSVILLE, PA US",52,46,48
"214",2016-01-03,"Sunday",6,"0:50:17",8.38333333333333,"3-Jan",1,2016,"USC00367938","SELLERSVILLE, PA US",41,16,21
"215",2016-01-10,"Sunday",6.03,"0:51:01",8.46666666666667,"10-Jan",1,2016,"USC00367938","SELLERSVILLE, PA US",51,31,51
"216",2016-01-17,"Sunday",6.03,"0:51:24",8.51666666666667,"17-Jan",1,2016,"USC00367938","SELLERSVILLE, PA US",46,21,25
"217",2016-02-14,"Sunday",5.02,"0:40:18",8.03333333333333,"14-Feb",2,2016,"USC00367938","SELLERSVILLE, PA US",19,NA,3
"218",2016-02-20,"Saturday",6.02,"0:48:44",8.1,"20-Feb",2,2016,"USC00367938","SELLERSVILLE, PA US",38,17,32
"219",2016-02-28,"Sunday",6,"0:51:21",8.55,"28-Feb",2,2016,"USC00367938","SELLERSVILLE, PA US",41,24,28
"220",2016-03-06,"Sunday",6.01,"0:50:56",8.46666666666667,"6-Mar",3,2016,"USC00367938","SELLERSVILLE, PA US",40,23,32
"221",2016-03-13,"Sunday",6,"0:50:13",8.36666666666667,"13-Mar",3,2016,"USC00367938","SELLERSVILLE, PA US",60,NA,34
"222",2016-03-27,"Sunday",6,"0:51:32",8.58333333333333,"27-Mar",3,2016,"USC00367938","SELLERSVILLE, PA US",56,34,41
"223",2016-04-08,"Friday",5,"0:42:02",8.4,"8-Apr",4,2016,"USC00367938","SELLERSVILLE, PA US",58,21,41
"224",2016-04-17,"Sunday",6,"0:50:12",8.36666666666667,"17-Apr",4,2016,"USC00367938","SELLERSVILLE, PA US",67,31,37
"225",2016-04-27,"Wednesday",5,"0:42:54",8.58333333333333,"27-Apr",4,2016,"USC00367938","SELLERSVILLE, PA US",79,46,47
"226",2016-05-07,"Saturday",6,"0:51:46",8.63333333333333,"7-May",5,2016,"USC00367938","SELLERSVILLE, PA US",51,48,49
"227",2016-05-15,"Sunday",6.5,"0:54:57",8.45,"15-May",5,2016,"USC00367938","SELLERSVILLE, PA US",73,42,49
"228",2016-05-21,"Saturday",6,"0:52:58",8.83333333333333,"21-May",5,2016,"USC00367938","SELLERSVILLE, PA US",75,48,51
"229",2016-05-28,"Saturday",6.25,"0:53:25",8.55,"28-May",5,2016,"USC00367938","SELLERSVILLE, PA US",88,61,70
"230",2016-06-02,"Thursday",5,"0:41:55",8.38333333333333,"2-Jun",6,2016,"USC00367938","SELLERSVILLE, PA US",85,58,62
"231",2016-06-12,"Sunday",6.25,"0:55:28",8.86666666666667,"12-Jun",6,2016,"USC00367938","SELLERSVILLE, PA US",90,53,78
"232",2016-06-18,"Saturday",6.25,"0:53:52",8.61666666666667,"18-Jun",6,2016,"USC00367938","SELLERSVILLE, PA US",83,51,61
"233",2016-06-24,"Friday",5.76,"0:48:57",8.5,"24-Jun",6,2016,"USC00367938","SELLERSVILLE, PA US",83,62,68
"234",2016-07-03,"Sunday",6,"0:51:22",8.56666666666667,"3-Jul",7,2016,"USC00367938","SELLERSVILLE, PA US",75,57,58
"235",2016-07-08,"Friday",5,"0:43:49",8.76666666666667,"8-Jul",7,2016,"USC00367938","SELLERSVILLE, PA US",89,69,76
"236",2016-07-10,"Sunday",5,"0:42:43",8.55,"10-Jul",7,2016,"USC00367938","SELLERSVILLE, PA US",76,61,65
"237",2016-07-12,"Tuesday",5,"0:44:54",8.98333333333333,"12-Jul",7,2016,"USC00367938","SELLERSVILLE, PA US",83,62,67
"238",2016-07-14,"Thursday",5,"0:45:27",9.08333333333333,"14-Jul",7,2016,"USC00367938","SELLERSVILLE, PA US",76,69,74
"239",2016-07-27,"Wednesday",4.56,"0:40:02",8.78333333333333,"27-Jul",7,2016,"USC00367938","SELLERSVILLE, PA US",89,69,72
"240",2016-07-31,"Sunday",5,"0:45:06",9.01666666666667,"31-Jul",7,2016,"USC00367938","SELLERSVILLE, PA US",86,70,71
"241",2016-08-06,"Saturday",5.75,"1:31:12",15.8666666666667,"6-Aug",8,2016,"USC00367938","SELLERSVILLE, PA US",82,65,74
"242",2016-08-14,"Sunday",6,"0:53:56",8.98333333333333,"14-Aug",8,2016,"USC00367938","SELLERSVILLE, PA US",95,75,75
"243",2016-08-21,"Sunday",6.02,"0:52:56",8.8,"21-Aug",8,2016,"USC00367938","SELLERSVILLE, PA US",88,69,72
"244",2016-08-27,"Saturday",5.61,"1:02:59",11.2333333333333,"27-Aug",8,2016,"USC00367938","SELLERSVILLE, PA US",90,63,74
"245",2016-09-04,"Sunday",5.11,"0:44:23",8.68333333333333,"4-Sep",9,2016,"USC00367938","SELLERSVILLE, PA US",78,52,54
"246",2016-09-10,"Saturday",5.99,"0:53:28",8.93333333333333,"10-Sep",9,2016,"USC00367938","SELLERSVILLE, PA US",92,71,75
"247",2016-09-17,"Saturday",6.05,"0:52:53",8.73333333333333,"17-Sep",9,2016,"USC00367938","SELLERSVILLE, PA US",78,51,55
"248",2016-09-25,"Sunday",6.5,"0:55:09",8.48333333333333,"25-Sep",9,2016,"USC00367938","SELLERSVILLE, PA US",82,47,48
"249",2016-10-02,"Sunday",5.99,"0:52:57",8.83333333333333,"2-Oct",10,2016,"USC00367938","SELLERSVILLE, PA US",61,56,57
"250",2016-10-09,"Sunday",5.99,"0:53:06",8.86666666666667,"9-Oct",10,2016,"USC00367938","SELLERSVILLE, PA US",67,55,58
"251",2016-10-16,"Sunday",6.01,"0:51:59",8.65,"16-Oct",10,2016,"USC00367938","SELLERSVILLE, PA US",67,34,40
"252",2016-10-30,"Sunday",6,"0:53:22",8.9,"30-Oct",10,2016,"USC00367938","SELLERSVILLE, PA US",68,30,51
"253",2016-11-05,"Saturday",5,"0:42:08",8.43333333333333,"5-Nov",11,2016,"USC00367938","SELLERSVILLE, PA US",67,29,30
"254",2016-11-20,"Sunday",5,"0:42:29",8.5,"20-Nov",11,2016,"USC00367938","SELLERSVILLE, PA US",67,31,36
"255",2016-11-27,"Sunday",5,"0:41:46",8.35,"27-Nov",11,2016,"USC00367938","SELLERSVILLE, PA US",47,23,26
"256",2016-12-04,"Sunday",6,"0:51:43",8.61666666666667,"4-Dec",12,2016,"USC00367938","SELLERSVILLE, PA US",48,38,41
"257",2016-12-23,"Friday",5,"0:43:27",8.68333333333333,"23-Dec",12,2016,"USC00367938","SELLERSVILLE, PA US",49,17,26
"258",2017-01-01,"Sunday",5,"0:44:11",8.83333333333333,"1-Jan",1,2017,"USC00367938","SELLERSVILLE, PA US",43,23,30
"259",2017-01-15,"Sunday",5,"0:43:15",8.65,"15-Jan",1,2017,"USC00367938","SELLERSVILLE, PA US",32,21,23
"260",2017-01-22,"Sunday",5.01,"0:43:26",8.66666666666667,"22-Jan",1,2017,"USC00367938","SELLERSVILLE, PA US",46,40,42
"261",2017-01-29,"Sunday",5.01,"0:43:25",8.66666666666667,"29-Jan",1,2017,"USC00367938","SELLERSVILLE, PA US",36,24,31
"262",2017-02-05,"Sunday",5,"0:42:41",8.53333333333333,"5-Feb",2,2017,"USC00367938","SELLERSVILLE, PA US",34,18,26
"263",2017-02-18,"Saturday",5,"0:43:57",8.78333333333333,"18-Feb",2,2017,"USC00367938","SELLERSVILLE, PA US",44,17,26
"264",2017-02-23,"Thursday",4.98,"0:45:05",9.05,"23-Feb",2,2017,"USC00367938","SELLERSVILLE, PA US",61,32,41
"265",2017-02-26,"Sunday",5,"0:43:32",8.7,"26-Feb",2,2017,"USC00367938","SELLERSVILLE, PA US",71,33,34
"266",2017-03-01,"Wednesday",5,"0:43:39",8.73333333333333,"1-Mar",3,2017,"USC00367938","SELLERSVILLE, PA US",64,40,57
"267",2017-03-12,"Sunday",5.01,"0:43:52",8.75,"12-Mar",3,2017,"USC00367938","SELLERSVILLE, PA US",30,13,14
"268",2017-03-19,"Sunday",5.08,"0:43:51",8.63333333333333,"19-Mar",3,2017,"USC00367938","SELLERSVILLE, PA US",36,32,34
"269",2017-04-02,"Sunday",5,"0:42:58",8.6,"2-Apr",4,2017,"USC00367938","SELLERSVILLE, PA US",50,32,40
"270",2017-04-05,"Wednesday",4.5,"0:38:56",8.65,"5-Apr",4,2017,"USC00367938","SELLERSVILLE, PA US",73,49,53
"271",2017-04-09,"Sunday",5,"0:41:58",8.4,"9-Apr",4,2017,"USC00367938","SELLERSVILLE, PA US",58,28,29
"272",2017-04-13,"Thursday",5.03,"0:43:39",8.68333333333333,"13-Apr",4,2017,"USC00367938","SELLERSVILLE, PA US",74,40,46
"273",2017-04-16,"Sunday",5.01,"0:44:08",8.81666666666667,"16-Apr",4,2017,"USC00367938","SELLERSVILLE, PA US",65,50,53
"274",2017-04-19,"Wednesday",4.51,"0:39:35",8.78333333333333,"19-Apr",4,2017,"USC00367938","SELLERSVILLE, PA US",68,42,45
"275",2017-04-20,"Thursday",4.5,"0:38:38",8.58333333333333,"20-Apr",4,2017,"USC00367938","SELLERSVILLE, PA US",59,45,52
"276",2017-04-21,"Friday",4.5,"0:37:35",8.35,"21-Apr",4,2017,"USC00367938","SELLERSVILLE, PA US",73,49,50
"277",2017-04-24,"Monday",4.5,"0:38:55",8.65,"24-Apr",4,2017,"USC00367938","SELLERSVILLE, PA US",66,42,55
"278",2017-05-14,"Sunday",5,"0:42:55",8.58333333333333,"14-May",5,2017,"USC00367938","SELLERSVILLE, PA US",55,44,50
"279",2017-05-22,"Monday",4.98,"0:42:10",8.46666666666667,"22-May",5,2017,"USC00367938","SELLERSVILLE, PA US",71,50,53
"280",2017-06-04,"Sunday",4.75,"0:41:14",8.68333333333333,"4-Jun",6,2017,"USC00367938","SELLERSVILLE, PA US",74,45,55
"281",2017-06-10,"Saturday",4.66,"0:40:11",8.61666666666667,"10-Jun",6,2017,"USC00367938","SELLERSVILLE, PA US",80,53,61
"282",2017-06-15,"Thursday",5.01,"0:41:32",8.28333333333333,"15-Jun",6,2017,"USC00367938","SELLERSVILLE, PA US",84,61,67
"283",2017-07-02,"Sunday",4.72,"0:42:51",9.08333333333333,"2-Jul",7,2017,"USC00367938","SELLERSVILLE, PA US",87,66,71
"284",2017-07-09,"Sunday",6.5,"0:55:40",8.56666666666667,"9-Jul",7,2017,"USC00367938","SELLERSVILLE, PA US",83,59,63
"285",2017-07-11,"Tuesday",5,"0:43:08",8.63333333333333,"11-Jul",7,2017,"USC00367938","SELLERSVILLE, PA US",85,62,71
"286",2017-07-13,"Thursday",5,"0:43:08",8.63333333333333,"13-Jul",7,2017,"USC00367938","SELLERSVILLE, PA US",87,73,75
"287",2017-07-26,"Wednesday",5,"0:44:10",8.83333333333333,"26-Jul",7,2017,"USC00367938","SELLERSVILLE, PA US",75,64,66
"288",2017-07-28,"Friday",5,"0:45:31",9.1,"28-Jul",7,2017,"USC00367938","SELLERSVILLE, PA US",79,66,70
"289",2017-08-25,"Friday",5.01,"0:43:47",8.73333333333333,"25-Aug",8,2017,"USC00367938","SELLERSVILLE, PA US",77,56,59
"290",2017-09-01,"Friday",5,"0:43:19",8.66666666666667,"1-Sep",9,2017,"USC00367938","SELLERSVILLE, PA US",80,43,55
"291",2017-09-08,"Friday",5,"0:43:58",8.8,"8-Sep",9,2017,"USC00367938","SELLERSVILLE, PA US",70,51,53
"292",2017-09-17,"Sunday",4.92,"0:44:14",8.98333333333333,"17-Sep",9,2017,"USC00367938","SELLERSVILLE, PA US",86,60,68
"293",2017-09-21,"Thursday",5,"0:43:40",8.73333333333333,"21-Sep",9,2017,"USC00367938","SELLERSVILLE, PA US",85,61,67
"294",2017-09-23,"Saturday",4.92,"0:41:52",8.51666666666667,"23-Sep",9,2017,"USC00367938","SELLERSVILLE, PA US",83,57,60
"295",2017-09-26,"Tuesday",5.01,"0:42:59",8.58333333333333,"26-Sep",9,2017,"USC00367938","SELLERSVILLE, PA US",91,63,64
"296",2017-09-30,"Saturday",5.05,"0:41:54",8.3,"30-Sep",9,2017,"USC00367938","SELLERSVILLE, PA US",69,45,50
"297",2017-10-11,"Wednesday",4.98,"0:42:16",8.48333333333333,"11-Oct",10,2017,"USC00367938","SELLERSVILLE, PA US",80,60,62
"298",2017-10-21,"Saturday",4.82,"0:40:42",8.45,"21-Oct",10,2017,"USC00367938","SELLERSVILLE, PA US",73,38,44
"299",2017-10-28,"Saturday",4.9,"0:42:34",8.68333333333333,"28-Oct",10,2017,"USC00367938","SELLERSVILLE, PA US",63,33,38
"300",2017-10-31,"Tuesday",4.9,"0:42:00",8.56666666666667,"31-Oct",10,2017,"USC00367938","SELLERSVILLE, PA US",55,35,36
"301",2017-11-04,"Saturday",4.9,"0:41:47",8.53333333333333,"4-Nov",11,2017,"USC00367938","SELLERSVILLE, PA US",71,35,36
"302",2017-11-08,"Wednesday",4.9,"0:42:09",8.6,"8-Nov",11,2017,"USC00367938","SELLERSVILLE, PA US",46,37,39
"303",2017-11-12,"Sunday",4.9,"0:41:47",8.53333333333333,"12-Nov",11,2017,"USC00367938","SELLERSVILLE, PA US",40,21,25
"304",2017-11-15,"Wednesday",4.9,"0:41:42",8.51666666666667,"15-Nov",11,2017,"USC00367938","SELLERSVILLE, PA US",48,24,28
"305",2017-11-21,"Tuesday",4.9,"0:42:11",8.61666666666667,"21-Nov",11,2017,"USC00367938","SELLERSVILLE, PA US",47,24,27
"306",2017-11-24,"Friday",5,"0:41:57",8.38333333333333,"24-Nov",11,2017,"USC00367938","SELLERSVILLE, PA US",41,17,30
"307",2017-11-27,"Monday",4.9,"0:41:46",8.51666666666667,"27-Nov",11,2017,"USC00367938","SELLERSVILLE, PA US",48,21,29
"308",2017-12-02,"Saturday",4.9,"0:41:33",8.48333333333333,"2-Dec",12,2017,"USC00367938","SELLERSVILLE, PA US",52,22,26
"309",2017-12-18,"Monday",5.02,"0:41:50",8.33333333333333,"18-Dec",12,2017,"USC00367938","SELLERSVILLE, PA US",39,25,35
"310",2017-12-21,"Thursday",5,"0:41:51",8.36666666666667,"21-Dec",12,2017,"USC00367938","SELLERSVILLE, PA US",46,21,25
"311",2017-12-26,"Tuesday",5,"0:42:04",8.41666666666667,"26-Dec",12,2017,"USC00367938","SELLERSVILLE, PA US",35,18,20
"312",2018-01-14,"Sunday",4.83,"0:41:44",8.63333333333333,"14-Jan",1,2018,"USC00367938","SELLERSVILLE, PA US",30,8,9
"313",2018-01-27,"Saturday",5,"0:41:11",8.23333333333333,"27-Jan",1,2018,"USC00367938","SELLERSVILLE, PA US",40,17,29
"314",2018-02-10,"Saturday",6,"0:49:13",8.2,"10-Feb",2,2018,"USC00367938","SELLERSVILLE, PA US",36,16,33
"315",2018-02-16,"Friday",5,"0:41:39",8.33333333333333,"16-Feb",2,2018,"USC00367938","SELLERSVILLE, PA US",62,38,45
"316",2018-02-21,"Wednesday",5.01,"0:42:14",8.43333333333333,"21-Feb",2,2018,"USC00367938","SELLERSVILLE, PA US",71,37,60
"317",2018-02-24,"Saturday",5.01,"0:41:21",8.25,"24-Feb",2,2018,"USC00367938","SELLERSVILLE, PA US",42,36,42
"318",2018-02-27,"Tuesday",5.03,"0:40:55",8.13333333333333,"27-Feb",2,2018,"USC00367938","SELLERSVILLE, PA US",51,24,31
"319",2018-03-13,"Tuesday",4.98,"0:41:22",8.3,"13-Mar",3,2018,"USC00367938","SELLERSVILLE, PA US",41,24,32
"320",2018-03-18,"Sunday",5.01,"0:41:42",8.31666666666667,"18-Mar",3,2018,"USC00367938","SELLERSVILLE, PA US",46,22,30
"321",2018-03-26,"Monday",5,"0:41:31",8.3,"26-Mar",3,2018,"USC00367938","SELLERSVILLE, PA US",46,22,28
"322",2018-04-13,"Friday",5,"0:43:32",8.7,"13-Apr",4,2018,"USC00367938","SELLERSVILLE, PA US",68,39,50
"323",2018-04-22,"Sunday",4.98,"0:42:18",8.5,"22-Apr",4,2018,"USC00367938","SELLERSVILLE, PA US",58,28,33
"324",2018-04-28,"Saturday",4.98,"0:42:02",8.43333333333333,"28-Apr",4,2018,"USC00367938","SELLERSVILLE, PA US",53,34,52
"325",2018-05-07,"Monday",4.95,"0:42:38",8.61666666666667,"7-May",5,2018,"USC00367938","SELLERSVILLE, PA US",62,45,53
"326",2018-05-20,"Sunday",4.97,"0:44:15",8.9,"20-May",5,2018,"USC00367938","SELLERSVILLE, PA US",67,47,67
"327",2018-06-04,"Monday",4.96,"0:42:55",8.65,"4-Jun",6,2018,"USC00367938","SELLERSVILLE, PA US",62,51,53
"328",2018-06-08,"Friday",4.97,"0:42:56",8.63333333333333,"8-Jun",6,2018,"USC00367938","SELLERSVILLE, PA US",75,58,60
"329",2018-06-21,"Thursday",5,"0:43:01",8.6,"21-Jun",6,2018,"USC00367938","SELLERSVILLE, PA US",82,64,67
"330",2018-07-04,"Wednesday",4.97,"0:43:56",8.83333333333333,"4-Jul",7,2018,"USC00367938","SELLERSVILLE, PA US",95,69,73
"331",2018-07-08,"Sunday",4.98,"0:42:50",8.6,"8-Jul",7,2018,"USC00367938","SELLERSVILLE, PA US",78,53,60
"332",2018-07-13,"Friday",6,"0:53:00",8.83333333333333,"13-Jul",7,2018,"USC00367938","SELLERSVILLE, PA US",83,60,66
"333",2018-07-17,"Tuesday",4.99,"0:43:21",8.68333333333333,"17-Jul",7,2018,"USC00367938","SELLERSVILLE, PA US",92,73,78
"334",2018-07-21,"Saturday",5,"0:53:00",10.6,"21-Jul",7,2018,"USC00367938","SELLERSVILLE, PA US",78,60,64
"335",2018-07-27,"Friday",4.95,"0:42:53",8.66666666666667,"27-Jul",7,2018,"USC00367938","SELLERSVILLE, PA US",85,65,71
"336",2018-08-02,"Thursday",5.02,"0:43:41",8.7,"2-Aug",8,2018,"USC00367938","SELLERSVILLE, PA US",86,69,72
"337",2018-08-12,"Sunday",5,"0:43:54",8.78333333333333,"12-Aug",8,2018,"USC00367938","SELLERSVILLE, PA US",81,67,68
"338",2018-08-18,"Saturday",4.96,"0:42:52",8.65,"18-Aug",8,2018,"USC00367938","SELLERSVILLE, PA US",90,71,72
"339",2018-08-23,"Thursday",4.99,"0:42:38",8.55,"23-Aug",8,2018,"USC00367938","SELLERSVILLE, PA US",82,63,65
"340",2018-09-01,"Saturday",4.92,"0:44:39",9.08333333333333,"1-Sep",9,2018,"USC00367938","SELLERSVILLE, PA US",73,66,67
"341",2018-09-08,"Saturday",6.41,"0:56:34",8.81666666666667,"8-Sep",9,2018,"USC00367938","SELLERSVILLE, PA US",84,62,64
"342",2018-09-15,"Saturday",6.44,"0:56:47",8.81666666666667,"15-Sep",9,2018,"USC00367938","SELLERSVILLE, PA US",73,61,62
"343",2018-09-22,"Saturday",4.98,"0:43:49",8.8,"22-Sep",9,2018,"USC00367938","SELLERSVILLE, PA US",73,64,70
"344",2018-10-01,"Monday",4.98,"0:43:40",8.76666666666667,"1-Oct",10,2018,"USC00367938","SELLERSVILLE, PA US",75,50,58
"345",2018-10-06,"Saturday",4.99,"0:43:25",8.7,"6-Oct",10,2018,"USC00367938","SELLERSVILLE, PA US",70,57,62
"346",2018-10-14,"Sunday",4.95,"0:43:13",8.73333333333333,"14-Oct",10,2018,"USC00367938","SELLERSVILLE, PA US",55,37,41
"347",2018-10-21,"Sunday",5,"0:43:02",8.6,"21-Oct",10,2018,"USC00367938","SELLERSVILLE, PA US",62,30,31
"348",2018-11-25,"Sunday",4.98,"0:41:58",8.43333333333333,"25-Nov",11,2018,"USC00367938","SELLERSVILLE, PA US",43,9,39
"349",2018-12-14,"Friday",5.02,"0:42:45",8.51666666666667,"14-Dec",12,2018,"USC00367938","SELLERSVILLE, PA US",41,25,36
"350",2018-12-29,"Saturday",4.97,"0:41:41",8.38333333333333,"29-Dec",12,2018,"USC00367938","SELLERSVILLE, PA US",56,40,45
"351",2019-01-23,"Wednesday",4.99,"0:42:47",8.56666666666667,"23-Jan",1,2019,"USC00367938","SELLERSVILLE, PA US",31,9,28
"352",2019-02-05,"Tuesday",4.95,"0:42:23",8.55,"5-Feb",2,2019,"USC00367938","SELLERSVILLE, PA US",60,24,33
"353",2019-02-22,"Friday",4.98,"0:42:08",8.46666666666667,"22-Feb",2,2019,"USC00367938","SELLERSVILLE, PA US",53,32,40
"354",2019-03-16,"Saturday",4.94,"0:43:30",8.8,"16-Mar",3,2019,"USC00367938","SELLERSVILLE, PA US",71,36,41
"355",2019-03-20,"Wednesday",4.96,"0:43:16",8.71666666666667,"20-Mar",3,2019,"USC00367938","SELLERSVILLE, PA US",49,21,27
"356",2019-03-24,"Sunday",5.92,"0:51:03",8.63333333333333,"24-Mar",3,2019,"USC00367938","SELLERSVILLE, PA US",49,29,29
"357",2019-03-30,"Saturday",4.95,"0:42:36",8.6,"30-Mar",3,2019,"USC00367938","SELLERSVILLE, PA US",56,42,46
"358",2019-04-03,"Wednesday",4.98,"0:42:43",8.58333333333333,"3-Apr",4,2019,"USC00367938","SELLERSVILLE, PA US",51,26,36
"359",2019-04-09,"Tuesday",4.97,"0:42:40",8.58333333333333,"9-Apr",4,2019,"USC00367938","SELLERSVILLE, PA US",77,51,52
"360",2019-04-17,"Wednesday",4.96,"0:42:15",8.51666666666667,"17-Apr",4,2019,"USC00367938","SELLERSVILLE, PA US",64,43,50
"361",2019-04-27,"Saturday",4.95,"0:41:51",8.45,"27-Apr",4,2019,"USC00367938","SELLERSVILLE, PA US",67,44,48
"362",2019-05-02,"Thursday",4.91,"0:43:30",8.85,"2-May",5,2019,"USC00367938","SELLERSVILLE, PA US",57,49,52
"363",2019-05-07,"Tuesday",4.97,"0:42:31",8.56666666666667,"7-May",5,2019,"USC00367938","SELLERSVILLE, PA US",71,51,55
"364",2019-05-11,"Saturday",4.97,"0:41:43",8.4,"11-May",5,2019,"USC00367938","SELLERSVILLE, PA US",76,53,55
"365",2019-05-16,"Thursday",4.98,"0:42:05",8.45,"16-May",5,2019,"USC00367938","SELLERSVILLE, PA US",71,40,52
"366",2019-05-18,"Saturday",4.99,"0:41:44",8.36666666666667,"18-May",5,2019,"USC00367938","SELLERSVILLE, PA US",78,51,59
"367",2019-05-25,"Saturday",4.97,"0:42:51",8.63333333333333,"25-May",5,2019,"USC00367938","SELLERSVILLE, PA US",63,37,55
"368",2019-05-31,"Friday",4.98,"0:43:22",8.7,"31-May",5,2019,"USC00367938","SELLERSVILLE, PA US",78,52,64
"369",2019-06-02,"Sunday",6,"0:52:11",8.7,"2-Jun",6,2019,"USC00367938","SELLERSVILLE, PA US",81,59,60
"370",2019-06-08,"Saturday",4.98,"0:42:43",8.58333333333333,"8-Jun",6,2019,"USC00367938","SELLERSVILLE, PA US",78,54,57
"371",2019-06-11,"Tuesday",4.99,"0:42:36",8.53333333333333,"11-Jun",6,2019,"USC00367938","SELLERSVILLE, PA US",76,56,63
"372",2019-06-15,"Saturday",5.95,"0:52:19",8.8,"15-Jun",6,2019,"USC00367938","SELLERSVILLE, PA US",69,49,60
"373",2019-06-18,"Tuesday",4.98,"0:44:41",8.96666666666667,"18-Jun",6,2019,"USC00367938","SELLERSVILLE, PA US",76,59,69
"374",2019-06-21,"Friday",6.02,"1:16:19",12.6833333333333,"21-Jun",6,2019,"USC00367938","SELLERSVILLE, PA US",81,67,68
"375",2019-07-05,"Friday",4.98,"0:42:58",8.63333333333333,"5-Jul",7,2019,"USC00367938","SELLERSVILLE, PA US",85,61,67
"376",2019-07-07,"Sunday",6.08,"0:51:46",8.51666666666667,"7-Jul",7,2019,"USC00367938","SELLERSVILLE, PA US",87,NA,75
"377",2019-07-19,"Friday",4.99,"0:42:52",8.58333333333333,"19-Jul",7,2019,"USC00367938","SELLERSVILLE, PA US",85,73,76
"378",2019-07-30,"Tuesday",4.99,"0:43:12",8.66666666666667,"30-Jul",7,2019,"USC00367938","SELLERSVILLE, PA US",90,69,77
"379",2019-08-01,"Thursday",4.98,"0:43:42",8.78333333333333,"1-Aug",8,2019,"USC00367938","SELLERSVILLE, PA US",89,66,67
"380",2019-08-03,"Saturday",4.9,"0:42:50",8.75,"3-Aug",8,2019,"USC00367938","SELLERSVILLE, PA US",86,69,71
"381",2019-08-06,"Tuesday",4.98,"0:42:12",8.48333333333333,"6-Aug",8,2019,"USC00367938","SELLERSVILLE, PA US",86,69,72
"382",2019-08-08,"Thursday",4.95,"0:43:24",8.78333333333333,"8-Aug",8,2019,"USC00367938","SELLERSVILLE, PA US",89,67,71
"383",2019-08-11,"Sunday",6.02,"0:51:58",8.63333333333333,"11-Aug",8,2019,"USC00367938","SELLERSVILLE, PA US",80,55,58
"384",2019-08-14,"Wednesday",5,"0:43:46",8.75,"14-Aug",8,2019,"USC00367938","SELLERSVILLE, PA US",79,69,71
"385",2019-08-20,"Tuesday",4.97,"0:43:46",8.81666666666667,"20-Aug",8,2019,"USC00367938","SELLERSVILLE, PA US",91,67,73
"386",2019-08-22,"Thursday",4.98,"0:43:54",8.81666666666667,"22-Aug",8,2019,"USC00367938","SELLERSVILLE, PA US",87,69,71
"387",2019-08-27,"Tuesday",4.98,"0:42:53",8.61666666666667,"27-Aug",8,2019,"USC00367938","SELLERSVILLE, PA US",76,54,57
"388",2019-08-30,"Friday",4.93,"0:43:32",8.83333333333333,"30-Aug",8,2019,"USC00367938","SELLERSVILLE, PA US",80,53,62
"389",2019-09-06,"Friday",4.95,"0:42:23",8.56666666666667,"6-Sep",9,2019,"USC00367938","SELLERSVILLE, PA US",74,58,59
"390",2019-09-13,"Friday",4.96,"0:43:29",8.76666666666667,"13-Sep",9,2019,"USC00367938","SELLERSVILLE, PA US",89,59,60
"391",2019-09-15,"Sunday",6.05,"0:52:52",8.73333333333333,"15-Sep",9,2019,"USC00367938","SELLERSVILLE, PA US",75,62,62
"392",2019-09-22,"Sunday",6.08,"0:52:39",8.65,"22-Sep",9,2019,"USC00367938","SELLERSVILLE, PA US",86,46,58
"393",2019-09-25,"Wednesday",4.93,"0:42:47",8.66666666666667,"25-Sep",9,2019,"USC00367938","SELLERSVILLE, PA US",90,48,50
"394",2019-10-06,"Sunday",6.32,"0:53:47",8.5,"6-Oct",10,2019,"USC00367938","SELLERSVILLE, PA US",62,38,54
"395",2019-10-10,"Thursday",6.13,"0:52:37",8.58333333333333,"10-Oct",10,2019,"USC00367938","SELLERSVILLE, PA US",58,51,54
"396",2019-10-13,"Sunday",6.37,"0:53:51",8.45,"13-Oct",10,2019,"USC00367938","SELLERSVILLE, PA US",69,40,40
"397",2019-10-17,"Thursday",6.37,"0:53:27",8.38333333333333,"17-Oct",10,2019,"USC00367938","SELLERSVILLE, PA US",63,50,51
"398",2019-10-19,"Saturday",6.16,"0:51:08",8.31666666666667,"19-Oct",10,2019,"USC00367938","SELLERSVILLE, PA US",59,31,50
"399",2019-10-27,"Sunday",6.12,"0:51:53",8.48333333333333,"27-Oct",10,2019,"USC00367938","SELLERSVILLE, PA US",65,42,58
"400",2019-11-02,"Saturday",6.17,"0:51:53",8.41666666666667,"2-Nov",11,2019,"USC00367938","SELLERSVILLE, PA US",51,29,40
"401",2019-11-09,"Saturday",6.12,"0:51:15",8.38333333333333,"9-Nov",11,2019,"USC00367938","SELLERSVILLE, PA US",41,17,32
"402",2019-11-17,"Sunday",6.18,"0:51:22",8.31666666666667,"17-Nov",11,2019,"USC00367938","SELLERSVILLE, PA US",44,25,29
"403",2019-11-25,"Monday",6.17,"0:52:06",8.45,"25-Nov",11,2019,"USC00367938","SELLERSVILLE, PA US",44,31,38
"404",2019-12-06,"Friday",6.38,"0:54:43",8.58333333333333,"6-Dec",12,2019,"USC00367938","SELLERSVILLE, PA US",42,29,32
"405",2019-12-21,"Saturday",6.16,"0:51:21",8.33333333333333,"21-Dec",12,2019,"USC00367938","SELLERSVILLE, PA US",34,14,19
"406",2019-12-28,"Saturday",6.15,"0:52:25",8.51666666666667,"28-Dec",12,2019,"USC00367938","SELLERSVILLE, PA US",52,28,29
"407",2020-01-10,"Friday",6.16,"0:51:52",8.41666666666667,"10-Jan",1,2020,"USC00367938","SELLERSVILLE, PA US",34,20,31
"408",2020-01-15,"Wednesday",6.17,"0:52:35",8.51666666666667,"15-Jan",1,2020,"USC00367938","SELLERSVILLE, PA US",43,33,36
"409",2020-01-26,"Sunday",6.16,"0:51:34",8.36666666666667,"26-Jan",1,2020,"USC00367938","SELLERSVILLE, PA US",45,28,43
"410",2020-01-29,"Wednesday",6.12,"0:51:41",8.45,"29-Jan",1,2020,"USC00367938","SELLERSVILLE, PA US",40,35,35
"411",2020-02-03,"Monday",6.15,"0:51:05",8.31666666666667,"3-Feb",2,2020,"USC00367938","SELLERSVILLE, PA US",45,32,33
"412",2020-02-12,"Wednesday",6.16,"0:52:09",8.46666666666667,"12-Feb",2,2020,"USC00367938","SELLERSVILLE, PA US",50,32,34
"413",2020-02-17,"Monday",5.51,"0:45:35",8.26666666666667,"17-Feb",2,2020,"USC00367938","SELLERSVILLE, PA US",53,26,51
"414",2020-02-20,"Thursday",6.12,"0:51:12",8.36666666666667,"20-Feb",2,2020,"USC00367938","SELLERSVILLE, PA US",48,24,29
"415",2020-03-02,"Monday",6.15,"0:51:13",8.33333333333333,"2-Mar",3,2020,"USC00367938","SELLERSVILLE, PA US",45,24,36
"416",2020-03-09,"Monday",6.15,"0:52:00",8.45,"9-Mar",3,2020,"USC00367938","SELLERSVILLE, PA US",58,28,37
"417",2020-03-17,"Tuesday",6.15,"0:51:50",8.43333333333333,"17-Mar",3,2020,"USC00367938","SELLERSVILLE, PA US",50,34,39
"418",2020-03-21,"Saturday",6.15,"0:51:51",8.41666666666667,"21-Mar",3,2020,"USC00367938","SELLERSVILLE, PA US",72,40,40
"419",2020-03-24,"Tuesday",6.15,"0:51:59",8.45,"24-Mar",3,2020,"USC00367938","SELLERSVILLE, PA US",42,35,42
"420",2020-03-27,"Friday",6.15,"0:52:00",8.45,"27-Mar",3,2020,"USC00367938","SELLERSVILLE, PA US",59,32,49
"421",2020-03-30,"Monday",6.16,"0:52:24",8.51666666666667,"30-Mar",3,2020,"USC00367938","SELLERSVILLE, PA US",50,45,45
"422",2020-04-03,"Friday",6.16,"0:52:24",8.51666666666667,"3-Apr",4,2020,NA,NA,NA,NA,NA
"423",2020-04-06,"Monday",6.16,"0:52:55",8.6,"6-Apr",4,2020,"USC00367938","SELLERSVILLE, PA US",67,46,50
"424",2020-04-12,"Sunday",6.16,"0:52:32",8.53333333333333,"12-Apr",4,2020,"USC00367938","SELLERSVILLE, PA US",54,30,35
"425",2020-04-14,"Tuesday",6.17,"0:52:59",8.6,"14-Apr",4,2020,"USC00367938","SELLERSVILLE, PA US",68,35,36
"426",2020-04-19,"Sunday",6.15,"0:52:37",8.55,"19-Apr",4,2020,"USC00367938","SELLERSVILLE, PA US",47,27,47
"427",2020-04-23,"Thursday",6.15,"0:52:42",8.58333333333333,"23-Apr",4,2020,"USC00367938","SELLERSVILLE, PA US",52,32,38
"428",2020-04-25,"Saturday",6.16,"0:52:15",8.48333333333333,"25-Apr",4,2020,"USC00367940","SELLERSVILLE, PA US",64.4,40.9,52.5
"429",2020-04-28,"Tuesday",6.16,"0:51:59",8.45,"28-Apr",4,2020,"USC00367943","SELLERSVILLE, PA US",64.3,37.9,50.9
"430",2020-05-02,"Saturday",6.15,"0:51:56",8.45,"2-May",5,2020,"USC00367947","SELLERSVILLE, PA US",70.9,49,61.1
"431",2020-05-04,"Monday",6.15,"0:52:06",8.46666666666667,"4-May",5,2020,"USC00367949","SELLERSVILLE, PA US",69.1,50.4,62.2
"432",2020-05-07,"Thursday",6.17,"0:52:02",8.43333333333333,"7-May",5,2020,"USC00367952","SELLERSVILLE, PA US",64.1,42.6,54.1
"433",2020-05-13,"Wednesday",6.16,"0:51:06",8.3,"13-May",5,2020,"USC00367958","SELLERSVILLE, PA US",64.4,33.4,50.7
"434",2020-05-16,"Saturday",6.13,"0:52:13",8.51666666666667,"16-May",5,2020,"USC00367961","SELLERSVILLE, PA US",76.5,62.6,69.5
"435",2020-05-19,"Tuesday",6.16,"0:51:33",8.36666666666667,"19-May",5,2020,"USC00367964","SELLERSVILLE, PA US",67.7,51.2,58.7
"436",2020-05-21,"Thursday",6.14,"0:50:48",8.28333333333333,"21-May",5,2020,"USC00367966","SELLERSVILLE, PA US",71.4,39.2,56.4
"437",2020-05-26,"Tuesday",6.15,"0:51:30",8.36666666666667,"26-May",5,2020,"USC00367971","SELLERSVILLE, PA US",81.5,58.1,68.7
"438",2020-05-30,"Saturday",6.13,"0:52:02",8.48333333333333,"30-May",5,2020,"USC00367975","SELLERSVILLE, PA US",79.3,64.6,71.1
"439",2020-06-02,"Tuesday",6.17,"0:51:37",8.36666666666667,"2-Jun",6,2020,"USC00367978","SELLERSVILLE, PA US",70.7,52.9,62.8
"440",2020-06-07,"Sunday",6.15,"0:52:12",8.48333333333333,"7-Jun",6,2020,"USC00367983","SELLERSVILLE, PA US",77.7,60.8,69.4
"441",2020-06-09,"Tuesday",5.23,"0:44:33",8.51666666666667,"9-Jun",6,2020,"USC00367985","SELLERSVILLE, PA US",87.1,56.1,73.7
"442",2020-06-13,"Saturday",6.16,"0:51:12",8.31666666666667,"13-Jun",6,2020,"USC00367989","SELLERSVILLE, PA US",73.7,56.6,65.9
"443",2020-06-17,"Wednesday",6.16,"0:52:10",8.46666666666667,"17-Jun",6,2020,"USC00367993","SELLERSVILLE, PA US",77.9,55.8,67
"444",2020-06-20,"Saturday",6.13,"0:51:51",8.45,"20-Jun",6,2020,"USC00367996","SELLERSVILLE, PA US",83.9,63,72.2
"445",2020-06-23,"Tuesday",6.14,"0:51:43",8.43333333333333,"23-Jun",6,2020,"USC00367999","SELLERSVILLE, PA US",89.4,68,78.4
"446",2020-06-27,"Saturday",6.14,"0:52:09",8.5,"27-Jun",6,2020,"USC00368003","SELLERSVILLE, PA US",86.3,62.7,73.4
"447",2020-06-29,"Monday",6.13,"0:51:50",8.45,"29-Jun",6,2020,"USC00368005","SELLERSVILLE, PA US",89.1,69,77.7
"448",2020-07-04,"Saturday",6.15,"0:52:17",8.5,"4-Jul",7,2020,"USC00368010","SELLERSVILLE, PA US",87.6,70.3,77.6
"449",2020-07-07,"Tuesday",6.15,"0:52:00",8.45,"7-Jul",7,2020,"USC00368013","SELLERSVILLE, PA US",86,65.6,75.8
"450",2020-07-11,"Saturday",6.25,"0:54:00",8.63333333333333,"11-Jul",7,2020,"USC00368017","SELLERSVILLE, PA US",85.2,70.3,78.3
"451",2020-07-13,"Monday",6.04,"0:51:14",8.48333333333333,"13-Jul",7,2020,"USC00368019","SELLERSVILLE, PA US",85.6,67.4,75.7
"452",2020-07-19,"Sunday",6.15,"0:52:24",8.51666666666667,"19-Jul",7,2020,"USC00368025","SELLERSVILLE, PA US",93.5,69.4,82.3
"453",2020-07-23,"Thursday",6.15,"0:53:28",8.7,"23-Jul",7,2020,"USC00368029","SELLERSVILLE, PA US",88.1,71.4,78.5
"454",2020-07-25,"Saturday",6.15,"0:51:41",8.4,"25-Jul",7,2020,"USC00368031","SELLERSVILLE, PA US",87.5,70.3,78.4
"455",2020-07-28,"Tuesday",6.15,"0:52:42",8.56666666666667,"28-Jul",7,2020,"USC00368034","SELLERSVILLE, PA US",90,75.1,83.2
"456",2020-08-01,"Saturday",6.18,"0:52:02",8.41666666666667,"1-Aug",8,2020,"USC00368038","SELLERSVILLE, PA US",88.4,66.2,78.1
"457",2020-08-05,"Wednesday",6.36,"0:53:38",8.43333333333333,"5-Aug",8,2020,"USC00368042","SELLERSVILLE, PA US",83.8,69,76.2
"458",2020-08-08,"Saturday",6.13,"0:51:58",8.46666666666667,"8-Aug",8,2020,"USC00368045","SELLERSVILLE, PA US",82,67.2,74
"459",2020-08-11,"Tuesday",6.13,"0:51:32",8.4,"11-Aug",8,2020,"USC00368048","SELLERSVILLE, PA US",88.9,74.7,80.9
"460",2020-08-15,"Saturday",6.12,"0:53:09",8.68333333333333,"15-Aug",8,2020,"USC00368052","SELLERSVILLE, PA US",82.7,66.4,73.5
"461",2020-08-18,"Tuesday",6.16,"0:52:58",8.6,"18-Aug",8,2020,"USC00368055","SELLERSVILLE, PA US",82.6,62.2,72
"462",2020-08-22,"Saturday",5.99,"0:50:29",8.43333333333333,"22-Aug",8,2020,"USC00368059","SELLERSVILLE, PA US",88,71.1,78.4
"463",2020-08-25,"Tuesday",6.19,"0:51:28",8.31666666666667,"25-Aug",8,2020,"USC00368062","SELLERSVILLE, PA US",88.3,70.6,79.2
"464",2020-08-28,"Friday",6.14,"0:51:20",8.35,"28-Aug",8,2020,"USC00368065","SELLERSVILLE, PA US",85.7,69.5,75.2
"465",2020-08-31,"Monday",6.14,"0:51:16",8.35,"31-Aug",8,2020,"USC00368068","SELLERSVILLE, PA US",73.9,58.9,65.7
"466",2020-09-05,"Saturday",6.12,"0:51:14",8.36666666666667,"5-Sep",9,2020,"USC00368073","SELLERSVILLE, PA US",78.2,54.9,68
"467",2020-09-08,"Tuesday",6.14,"0:51:52",8.45,"8-Sep",9,2020,"USC00368076","SELLERSVILLE, PA US",83.4,59.1,71
"468",2020-09-12,"Saturday",6.16,"0:51:17",8.33333333333333,"12-Sep",9,2020,"USC00368080","SELLERSVILLE, PA US",73.3,57.5,64.9
"469",2020-09-15,"Tuesday",6.15,"0:52:20",8.5,"15-Sep",9,2020,"USC00368083","SELLERSVILLE, PA US",65.5,46.9,55.7
"470",2020-09-22,"Tuesday",6.14,"0:52:12",8.5,"22-Sep",9,2020,"USC00368090","SELLERSVILLE, PA US",73.2,40.1,55.7
"471",2020-10-03,"Saturday",6.03,"0:51:36",8.56666666666667,"3-Oct",10,2020,"USC00368101","SELLERSVILLE, PA US",64.8,44.5,53
"472",2020-10-06,"Tuesday",6.14,"0:52:16",8.5,"6-Oct",10,2020,"USC00368104","SELLERSVILLE, PA US",69.2,43.9,56.9
"473",2020-10-10,"Saturday",6.15,"0:52:47",8.58333333333333,"10-Oct",10,2020,"USC00368108","SELLERSVILLE, PA US",71.5,54.2,61.5
"474",2020-10-14,"Wednesday",6.16,"0:52:00",8.45,"14-Oct",10,2020,"USC00368112","SELLERSVILLE, PA US",69.5,43.9,55.7
"475",2020-10-20,"Tuesday",6.14,"0:51:47",8.43333333333333,"20-Oct",10,2020,"USC00368118","SELLERSVILLE, PA US",71.7,54.5,61.5
"476",2020-10-31,"Saturday",6.37,"0:53:43",8.43333333333333,"31-Oct",10,2020,"USC00368129","SELLERSVILLE, PA US",46.1,29.3,37.8
"477",2020-11-04,"Wednesday",6.14,"0:52:16",8.51666666666667,"4-Nov",11,2020,"USC00368133","SELLERSVILLE, PA US",65.7,32.5,48.5
"478",2020-11-07,"Saturday",5.89,"0:51:03",8.66666666666667,"7-Nov",11,2020,"USC00368136","SELLERSVILLE, PA US",74.2,43.1,56.5
"479",2020-11-10,"Tuesday",6.16,"0:53:34",8.7,"10-Nov",11,2020,"USC00368139","SELLERSVILLE, PA US",75.2,46.5,60.4
"480",2020-11-26,"Thursday",6.15,"0:53:23",8.68333333333333,"26-Nov",11,2020,"USC00368155","SELLERSVILLE, PA US",64.3,47.7,56.2
"481",2020-12-01,"Tuesday",6.15,"0:50:38",8.23333333333333,"1-Dec",12,2020,"USC00368160","SELLERSVILLE, PA US",51.7,35,42.2
"482",2020-12-11,"Friday",6.37,"0:54:02",8.51666666666667,"11-Dec",12,2020,"USC00368170","SELLERSVILLE, PA US",55.4,27.2,39.7
"483",2020-12-21,"Monday",6.34,"0:54:02",8.51666666666667,"21-Dec",12,2020,"USC00368180","SELLERSVILLE, PA US",40.5,33.9,36
"484",2020-12-28,"Monday",6.1,"0:51:54",8.5,"28-Dec",12,2020,"USC00368187","SELLERSVILLE, PA US",51.7,28.5,39.3
"485",2021-01-04,"Monday",4.68,"0:39:40",8.48333333333333,"4-Jan",1,2021,"USC00368194","SELLERSVILLE, PA US",41.9,34.3,37.7
"486",2021-01-14,"Thursday",4.97,"0:42:47",8.6,"14-Jan",1,2021,"USC00368204","SELLERSVILLE, PA US",49,27.8,36.8
"487",2021-01-19,"Tuesday",4.82,"0:42:32",8.81666666666667,"19-Jan",1,2021,"USC00368209","SELLERSVILLE, PA US",42.2,29.6,35.3
"488",2021-01-30,"Saturday",4.98,"0:42:30",8.53333333333333,"30-Jan",1,2021,"USC00368220","SELLERSVILLE, PA US",33.8,18.6,24.8
"489",2021-02-06,"Saturday",4.82,"0:41:57",8.7,"6-Feb",2,2021,"USC00368227","SELLERSVILLE, PA US",43.1,26.8,35.8
"490",2021-02-16,"Tuesday",4.98,"0:43:25",8.71666666666667,"16-Feb",2,2021,"USC00368237","SELLERSVILLE, PA US",46.2,28.9,37.7
"491",2021-02-24,"Wednesday",4.95,"0:42:23",8.56666666666667,"24-Feb",2,2021,"USC00368245","SELLERSVILLE, PA US",54.1,32.4,44.4
"492",2021-03-09,"Tuesday",4.93,"0:42:13",8.56666666666667,"9-Mar",3,2021,"USC00368258","SELLERSVILLE, PA US",63.4,35.7,48.9
"493",2021-03-17,"Wednesday",4.93,"0:42:03",8.53333333333333,"17-Mar",3,2021,"USC00368266","SELLERSVILLE, PA US",45.8,33.8,39.7
"494",2021-03-22,"Monday",4.96,"0:41:43",8.41666666666667,"22-Mar",3,2021,"USC00368271","SELLERSVILLE, PA US",61.9,30,46.9
"495",2021-03-30,"Tuesday",4.96,"0:42:07",8.48333333333333,"30-Mar",3,2021,"USC00368279","SELLERSVILLE, PA US",63.7,31,48.5
"496",2021-04-13,"Tuesday",4.86,"0:41:53",8.61666666666667,"13-Apr",4,2021,"USC00368293","SELLERSVILLE, PA US",65.1,44.7,52.9
"497",2021-04-20,"Tuesday",4.97,"0:42:01",8.45,"20-Apr",4,2021,"USC00368300","SELLERSVILLE, PA US",73.1,43.5,59.2
"498",2021-04-27,"Tuesday",4.98,"0:42:26",8.51666666666667,"27-Apr",4,2021,"USC00368307","SELLERSVILLE, PA US",75.6,41.4,57.7
"499",2021-05-04,"Tuesday",4.99,"0:42:26",8.51666666666667,"4-May",5,2021,"USC00368314","SELLERSVILLE, PA US",80.5,54.1,65.4
"500",2021-05-11,"Tuesday",6.11,"0:52:19",8.56666666666667,"11-May",5,2021,"USC00368321","SELLERSVILLE, PA US",63.8,43,53.8
"501",2021-05-18,"Tuesday",4.97,"0:43:10",8.68333333333333,"18-May",5,2021,"USC00368328","SELLERSVILLE, PA US",80.5,49.1,66.4
"502",2021-05-27,"Thursday",4.72,"0:41:12",8.71666666666667,"27-May",5,2021,"USC00368337","SELLERSVILLE, PA US",81.5,64.8,72.5
"503",2021-06-01,"Tuesday",4.97,"0:42:44",8.6,"1-Jun",6,2021,"USC00368342","SELLERSVILLE, PA US",75.2,50.9,64.4
"504",2021-06-12,"Saturday",6.11,"0:52:54",8.66666666666667,"12-Jun",6,2021,"USC00368353","SELLERSVILLE, PA US",72.6,61,66.6
"505",2021-06-15,"Tuesday",4.96,"0:42:08",8.5,"15-Jun",6,2021,"USC00368356","SELLERSVILLE, PA US",78.1,62,69.7
"506",2021-06-24,"Thursday",6.53,"0:59:52",9.16666666666667,"24-Jun",6,2021,"USC00368365","SELLERSVILLE, PA US",77,51.1,65.1
"507",2021-07-02,"Friday",6.05,"0:52:19",8.65,"2-Jul",7,2021,"USC00368373","SELLERSVILLE, PA US",79.1,64.3,71.6
"508",2021-07-08,"Thursday",5.55,"0:46:46",8.43333333333333,"8-Jul",7,2021,"USC00368379","SELLERSVILLE, PA US",86.9,70.2,78.1
"509",2021-07-24,"Saturday",4.98,"0:43:24",8.71666666666667,"24-Jul",7,2021,"USC00368395","SELLERSVILLE, PA US",83.7,58.9,72.9
"510",2021-08-04,"Wednesday",4.8,"0:43:53",9.13333333333333,"4-Aug",8,2021,"USC00368406","SELLERSVILLE, PA US",78.4,60.4,68.1
"511",2021-08-08,"Sunday",4.92,"0:43:56",8.93333333333333,"8-Aug",8,2021,"USC00368410","SELLERSVILLE, PA US",82.4,65.4,73.3
"512",2021-08-15,"Sunday",4.92,"0:43:13",8.78333333333333,"15-Aug",8,2021,"USC00368417","SELLERSVILLE, PA US",82.6,66,74.3
"513",2021-08-21,"Saturday",4.79,"0:42:38",8.9,"21-Aug",8,2021,"USC00368423","SELLERSVILLE, PA US",81.9,66.8,74.3
"514",2021-08-30,"Monday",4.85,"0:43:23",8.95,"30-Aug",8,2021,"USC00368432","SELLERSVILLE, PA US",85.9,70.9,77.5
"515",2021-09-06,"Monday",4.96,"0:43:09",8.7,"6-Sep",9,2021,"USC00368439","SELLERSVILLE, PA US",81.2,64.7,72.5
"516",2021-09-10,"Friday",4.79,"0:42:07",8.8,"10-Sep",9,2021,"USC00368443","SELLERSVILLE, PA US",73.2,55.9,64.6
"517",2021-09-18,"Saturday",4.93,"0:43:16",8.76666666666667,"18-Sep",9,2021,"USC00368451","SELLERSVILLE, PA US",84.9,66.6,74.2
"518",2021-09-25,"Saturday",4.72,"0:40:29",8.58333333333333,"25-Sep",9,2021,"USC00368458","SELLERSVILLE, PA US",74.2,48.6,60.6
"519",2021-09-30,"Thursday",4.97,"0:42:06",8.48333333333333,"30-Sep",9,2021,"USC00368463","SELLERSVILLE, PA US",66,51,59.4
"520",2021-10-08,"Friday",4.94,"0:43:05",8.73333333333333,"8-Oct",10,2021,"USC00368471","SELLERSVILLE, PA US",75.6,57.1,66.1
"521",2021-10-18,"Monday",4.95,"0:42:36",8.6,"18-Oct",10,2021,"USC00368481","SELLERSVILLE, PA US",59.5,44.4,50.7
"522",2021-11-25,"Thursday",4.96,"0:43:27",8.76666666666667,"25-Nov",11,2021,"USC00368519","SELLERSVILLE, PA US",54,30.9,41.7
"523",2021-12-03,"Friday",4.97,"0:43:11",8.75,"3-Dec",12,2021,"USC00368527","SELLERSVILLE, PA US",49,36.5,43.4
"524",2021-12-10,"Friday",4.96,"0:43:11",8.7,"10-Dec",12,2021,"USC00368534","SELLERSVILLE, PA US",48.4,32.5,40.2
"525",2021-12-17,"Friday",4.93,"0:42:07",8.55,"17-Dec",12,2021,"USC00368541","SELLERSVILLE, PA US",57.9,41.5,52.1
"526",2021-12-24,"Friday",4.89,"0:41:42",8.53333333333333,"24-Dec",12,2021,"USC00368548","SELLERSVILLE, PA US",47.1,31.7,37.3
"527",2021-12-30,"Thursday",4.97,"0:43:26",8.75,"30-Dec",12,2021,"USC00368554","SELLERSVILLE, PA US",51.8,42.5,46.3
"528",2022-01-13,"Thursday",4.65,"0:40:45",8.76666666666667,"13-Jan",1,2022,"USC00368568","SELLERSVILLE, PA US",47,25.8,35
"529",2022-01-28,"Friday",5,"0:42:23",8.46666666666667,"28-Jan",1,2022,"USC00368583","SELLERSVILLE, PA US",32.1,26.7,29.5
"530",2022-02-11,"Friday",4.93,"0:41:23",8.4,"11-Feb",2,2022,"USC00368597","SELLERSVILLE, PA US",58.9,24.9,43.3
"531",2022-02-18,"Friday",4.94,"0:41:17",8.36666666666667,"18-Feb",2,2022,"USC00368604","SELLERSVILLE, PA US",63.4,26.2,44.5
"532",2022-02-23,"Wednesday",4.69,"0:39:30",8.43333333333333,"23-Feb",2,2022,"USC00368609","SELLERSVILLE, PA US",66.5,37.7,57.6
"533",2022-03-06,"Sunday",5.01,"0:44:16",8.83333333333333,"6-Mar",3,2022,"USC00368620","SELLERSVILLE, PA US",68.2,41,55.4
